OrderID,Customer,Product,Category,Price,Quantity,Discount,Revenue,OrderDate,City,PaymentMethod,Rating
ORD1001,Customer_021,Backpack,Accessories,2395.72,3.0,15.0,6109.09,2025-04-13,Mumbai,Debit Card,3
ORD1002,Customer_131,Shoes,Fashion,3551.53,4.0,0.0,14206.12,2025-05-30,Hyderabad,Credit Card,4
ORD1003,Customer_204,Coffee Maker,Home Appliances,3837.55,4.0,0.0,15350.2,2025-11-10,Chennai,Net Banking,4
ORD1004,Customer_220,Desk,Furniture,11248.42,3.0,5.0,32058.0,2025-07-07,Nagpur,Debit Card,4
ORD1005,,Backpack,Accessories,2518.93,1.0,0.0,2518.93,2025-05-15,Hyderabad,UPI,2
ORD1006,Customer_090,Smartwatch,Electronics,7362.29,2.0,5.0,13988.35,2025-02-22,Mumbai,Cash,4
ORD1007,Customer_175,Mixer,Home Appliances,3692.43,4.0,5.0,14031.23,2025-02-04,Chennai,UPI,4
ORD1008,Customer_054,Smartphone,Electronics,29365.19,2.0,5.0,55793.86,2025-04-16,Bengaluru,Net Banking,2
ORD1009,Customer_014,Monitor,Electronics,13788.97,2.0,15.0,23441.25,2025-12-17,Nagpur,Cash,1
ORD1010,Customer_053,Coffee Maker,Home Appliances,3979.92,5.0,5.0,18904.62,2025-10-07,Mumbai,UPI,4
ORD1011,Customer_045,T-Shirt,Fashion,911.53,1.0,5.0,865.95,03/06/2025,Pune,UPI,1
ORD1012,Customer_136,T-Shirt,Fashion,844.24,3.0,0.0,2532.72,2025-06-12,Delhi,UPI,3
ORD1013,Customer_135,Keyboard,Accessories,2030.2,2.0,0.0,4060.4,2025-07-20,Bengaluru,Credit Card,1
ORD1014,Customer_104,Backpack,Accessories,,5.0,10.0,9338.62,02-08-2025,Delhi,Debit Card,1
ORD1015,Customer_218,Headphones,Electronics,2214.7,3.0,15.0,5647.48,2025-09-12,Chennai,Debit Card,1
ORD1016,Customer_179,Mixer,Home Appliances,3423.92,2.0,5.0,6505.45,2025-03-04,Nagpur,UPI,4
ORD1017,Customer_237,Jeans,Fashion,1804.63,5.0,0.0,9023.15,2025-05-23,Delhi,Net Banking,4
ORD1018,Customer_028,Jeans,Fashion,1571.57,3.0,,4243.24,2025-03-07,Mumbai,Net Banking,1
ORD1019,Customer_084,Keyboard,Accessories,2000.59,4.0,,8002.36,2025-10-13,Chennai,Debit Card,2
ORD1020,Customer_027,Backpack,Accessories,2461.42,1.0,5.0,2338.35,2025-05-01,Bengaluru,Net Banking,1
ORD1021,Customer_165,Headphones,Electronics,2130.21,3.0,5.0,6071.1,2025-08-13,Delhi,Credit Card,4
ORD1022,Customer_062,Office Chair,Furniture,9629.42,1.0,5.0,9147.95,2025-02-21,Bengaluru,Credit Card,3
ORD1023,Customer_002,Laptop,Electronics,49193.43,1.0,5.0,46733.76,2025-05-10,Bengaluru,Net Banking,1
ORD1024,Customer_218,Laptop,Electronics,50702.77,2.0,10.0,91264.99,2025-06-09,Chennai,Cash,3
ORD1025,Customer_198,Office Chair,Furniture,7830.98,5.0,10.0,35239.41,2025-08-28,Pune,UPI,4
ORD1026,Customer_187,Shoes,Fashion,2899.06,5.0,15.0,12321.0,2025-12-12,Delhi,Debit Card,4
ORD1027,Customer_039,Backpack,Accessories,1985.08,-1.0,5.0,1885.83,2025-12-04,Pune,Debit Card,4
ORD1028,Customer_144,Desk,Furniture,10608.5,2.0,5.0,20156.15,2025-12-12,Pune,Cash,4
ORD1029,,Laptop,Electronics,50740.56,4.0,10.0,182666.02,2025-01-09,Pune,Debit Card,3
ORD1030,Customer_075,Headphones,Electronics,,1.0,10.0,2490.52,2025-04-23,Bengaluru,Cash,3
ORD1031,Customer_128,Coffee Maker,Home Appliances,4754.57,1.0,0.0,4754.57,2025-12-04,Mumbai,Debit Card,5
ORD1032,Customer_021,Desk,Furniture,10833.33,4.0,0.0,43333.32,2025-10-31,Bengaluru,Debit Card,1
ORD1033,Customer_119,Laptop,Electronics,55701.91,3.0,5.0,158750.44,2025-01-22,Chennai,Net Banking,3
ORD1034,,Mouse,Accessories,1009.65,3.0,15.0,2574.61,2025-04-07,Bengaluru,UPI,5
ORD1035,Customer_192,T-Shirt,Fashion,960.06,3.0,10.0,2592.16,2025-02-18,Pune,Cash,4
ORD1036,Customer_124,Coffee Maker,Home Appliances,4771.95,5.0,15.0,20280.79,2025-08-21,Hyderabad,Net Banking,1
ORD1037,Customer_116,Coffee Maker,Home Appliances,4787.99,3.0,20.0,11491.18,2025-07-10,Hyderabad,Net Banking,1
ORD1038,Customer_054,Headphones,Electronics,2252.12,1.0,5.0,2139.51,2025-02-27,Delhi,Credit Card,2
ORD1039,Customer_104,Mixer,Home Appliances,3519.25,2.0,5.0,6686.58,2025-10-26,Chennai,Net Banking,2
ORD1040,Customer_013,Backpack,Accessories,2147.06,2.0,15.0,3650.0,2025-11-12,Mumbai,UPI,4
ORD1041,Customer_143,Jeans,Fashion,1634.91,4.0,15.0,5558.69,2025-04-02,Mumbai,Credit Card,3
ORD1042,Customer_058,Desk,Furniture,10758.15,5.0,15.0,45722.14,2025-12-08,Pune,Cash,2
ORD1043,Customer_225,Mouse,Accessories,846.88,3.0,0.0,2540.64,2025-09-21,Hyderabad,Cash,4
ORD1044,Customer_224,T-Shirt,Fashion,933.18,4.0,15.0,3172.81,2025-12-16,Nagpur,Debit Card,4
ORD1045,Customer_145,Jeans,Fashion,2053.55,2.0,5.0,3901.75,2025-04-30,Nagpur,Debit Card,4
ORD1046,Customer_062,Monitor,Electronics,12229.52,5.0,0.0,61147.6,2025-10-06,Nagpur,UPI,4
ORD1047,Customer_034,Keyboard,Accessories,1561.42,2.0,0.0,3122.84,2025-04-06,Chennai,UPI,5
ORD1048,Customer_191,Keyboard,Accessories,1874.67,5.0,10.0,8436.02,2025-03-10,Chennai,Net Banking,3
ORD1049,Customer_185,T-Shirt,Fashion,917.83,3.0,15.0,2340.47,2025-10-12,Chennai,Cash,5
ORD1050,Customer_144,Mixer,Home Appliances,,4.0,0.0,12071.08,2025-08-06,Mumbai,Net Banking,4
ORD1051,Customer_010,Laptop,Electronics,54417.12,5.0,5.0,258481.32,2025-09-03,Hyderabad,Cash,2
ORD1052,Customer_096,Smartwatch,Electronics,6255.49,2.0,20.0,10008.78,2025-09-14,Hyderabad,Net Banking,4
ORD1053,Customer_128,Office Chair,Furniture,9631.92,2.0,0.0,19263.84,2025-06-09,Delhi,Cash,4
ORD1054,Customer_179,Smartphone,Electronics,28616.28,1.0,5.0,27185.47,2025-04-11,Bengaluru,Debit Card,1
ORD1055,Customer_141,Laptop,Electronics,57499.5,3.0,0.0,172498.5,2025-01-12,Nagpur,Credit Card,5
ORD1056,Customer_093,Headphones,Electronics,2588.69,1.0,10.0,2329.82,2025-03-31,Chennai,Credit Card,3
ORD1057,Customer_237,Desk,Furniture,11985.73,2.0,10.0,21574.31,2025-03-16,Hyderabad,Cash,1
ORD1058,Customer_201,Keyboard,Accessories,2052.49,4.0,0.0,8209.96,2025-07-11,Delhi,UPI,3
ORD1059,Customer_183,Smartwatch,Electronics,6250.44,5.0,0.0,31252.2,2025-01-13,Nagpur,UPI,3
ORD1060,Customer_112,Desk,Furniture,11559.82,1.0,10.0,10403.84,2025-08-05,Chennai,Net Banking,3
ORD1061,Customer_147,Headphones,Electronics,2416.9,4.0,20.0,7734.08,2025-03-17,Pune,Cash,4
ORD1062,Customer_140,Headphones,Electronics,2494.77,5.0,0.0,12473.85,2025-01-25,Bengaluru,Debit Card,5
ORD1063,Customer_181,Smartwatch,Electronics,7370.08,1.0,0.0,7370.08,2025-02-11,Mumbai,Credit Card,5
ORD1064,Customer_239,Headphones,Electronics,2790.78,3.0,10.0,7535.11,2025-03-17,Pune,Credit Card,2
ORD1065,Customer_137,T-Shirt,Fashion,999.05,5.0,0.0,4995.25,2025-10-10,Mumbai,Credit Card,5
ORD1066,Customer_109,Jeans,Fashion,1575.81,3.0,10.0,4254.69,2025-11-17,Chennai,Cash,1
ORD1067,Customer_070,Mixer,Home Appliances,3928.08,5.0,15.0,16694.34,2025-09-09,Nagpur,Debit Card,5
ORD1068,Customer_019,T-Shirt,Fashion,915.77,3.0,0.0,2747.31,2025-02-08,Chennai,Debit Card,5
ORD1069,Customer_200,Jeans,Fashion,1748.81,2.0,10.0,3147.86,2025-11-13,Nagpur,UPI,1
ORD1070,Customer_113,Headphones,Electronics,2562.53,,5.0,2434.4,2025-11-08,Pune,Net Banking,2
ORD1071,Customer_149,T-Shirt,Fashion,1029.03,5.0,0.0,5145.15,2025-03-21,Chennai,Net Banking,3
ORD1072,Customer_185,T-Shirt,Fashion,784.93,3.0,10.0,2119.31,2025-02-16,Pune,UPI,1
ORD1073,Customer_185,Keyboard,Accessories,1906.34,3.0,20.0,4575.22,2025-01-12,Mumbai,Cash,4
ORD1074,Customer_136,Keyboard,Accessories,1679.79,4.0,10.0,6047.24,2025-07-05,Bengaluru,Credit Card,4
ORD1075,Customer_246,T-Shirt,Fashion,,4.0,20.0,2759.33,2025-05-25,Pune,UPI,5
ORD1076,Customer_035,Smartwatch,Electronics,6700.42,5.0,0.0,33502.1,2025-09-10,CHENNAI,Credit Card,3
ORD1077,Customer_030,Keyboard,Accessories,1861.24,2.0,0.0,3722.48,2025-08-30,Delhi,Net Banking,5
ORD1078,Customer_239,Backpack,Accessories,2141.43,1.0,5.0,2034.36,2025-06-26,Delhi,Net Banking,2
ORD1079,Customer_205,Mixer,Home Appliances,3387.64,3.0,,8638.48,2025-04-08,Pune,Debit Card,1
ORD1080,Customer_095,Keyboard,Accessories,1560.44,4.0,15.0,5305.5,2025-05-13,Chennai,Debit Card,5
ORD1081,Customer_083,Backpack,Accessories,2377.53,5.0,15.0,10104.5,2025-05-25,Hyderabad,UPI,1
ORD1082,Customer_113,Headphones,Electronics,2331.05,4.0,0.0,9324.2,2025-10-15,Mumbai,Cash,2
ORD1083,Customer_012,Monitor,Electronics,14085.29,3.0,10.0,38030.28,2025-02-23,Bengaluru,Net Banking,3
ORD1084,Customer_066,Desk,Furniture,12323.84,5.0,10.0,55457.28,2025-03-16,Delhi,Cash,2
ORD1085,Customer_091,Mouse,Accessories,929.18,2.0,5.0,1765.44,2025-11-04,Pune,UPI,4
ORD1086,Customer_029,Coffee Maker,Home Appliances,4353.83,3.0,10.0,11755.34,2025-05-18,Pune,Credit Card,1
ORD1087,Customer_053,T-Shirt,Fashion,782.88,5.0,20.0,3131.52,2025-07-24,Chennai,Debit Card,3
ORD1088,Customer_080,Shoes,Fashion,2792.83,1.0,5.0,2653.19,2025-04-05,Delhi,Cash,4
ORD1089,Customer_160,Office Chair,Furniture,8274.74,3.0,10.0,22341.8,2025-03-02,Mumbai,Debit Card,3
ORD1090,Customer_022,Keyboard,Accessories,1621.22,4.0,5.0,6160.64,2025-11-22,Pune,Net Banking,1
ORD1091,Customer_218,T-Shirt,Fashion,820.71,2.0,0.0,1641.42,2025-10-28,Delhi,UPI,2
ORD1092,Customer_061,Desk,Furniture,11932.12,3.0,20.0,28637.09,2025-12-03,Mumbai,Cash,1
ORD1093,Customer_047,Office Chair,Furniture,9133.06,5.0,20.0,36532.24,2025-05-07,Chennai,Credit Card,4
ORD1094,Customer_014,Backpack,Accessories,2220.64,2.0,10.0,3997.15,2025-07-06,Delhi,Debit Card,3
ORD1095,Customer_227,Mixer,Home Appliances,3007.0,2.0,5.0,5713.3,2025-01-15,Pune,Net Banking,4
ORD1096,Customer_218,Monitor,Electronics,14268.65,1.0,0.0,14268.65,2025-05-06,Bengaluru,UPI,1
ORD1097,Customer_233,Jeans,Fashion,1850.54,4.0,5.0,7032.05,2025-04-19,Mumbai,Cash,2
ORD1098,Customer_042,Mixer,Home Appliances,,1.0,10.0,3381.94,2025-04-11,Chennai,Cash,2
ORD1099,Customer_229,Smartphone,Electronics,25852.57,3.0,20.0,62046.17,2025-10-16,Hyderabad,Net Banking,4
ORD1100,Customer_243,Coffee Maker,Home Appliances,3805.07,1.0,0.0,3805.07,2025-01-31,Hyderabad,Cash,2
ORD1101,Customer_118,Smartwatch,Electronics,7415.47,4.0,0.0,29661.88,2025-04-04,Chennai,Debit Card,1
ORD1102,Customer_044,Smartphone,Electronics,28476.81,2.0,5.0,54105.94,2025-05-13,Chennai,Credit Card,4
ORD1103,Customer_047,Headphones,Electronics,2274.63,4.0,0.0,9098.52,01-01-2025,Mumbai,Net Banking,3
ORD1104,Customer_134,Mixer,Home Appliances,3480.2,3.0,10.0,9396.54,2025-06-27,Mumbai,Net Banking,2
ORD1105,Customer_063,T-Shirt,Fashion,819.47,2.0,0.0,1638.94,2025-04-11,Pune,UPI,1
ORD1106,Customer_049,Shoes,Fashion,3174.24,3.0,5.0,9046.58,2025-03-10,Chennai,Cash,4
ORD1107,Customer_076,Smartphone,Electronics,24844.1,3.0,20.0,59625.84,2025-02-04,Pune,Cash,5
ORD1108,Customer_030,Office Chair,Furniture,9336.25,5.0,0.0,46681.25,18-10-2025,Hyderabad,Net Banking,5
ORD1109,Customer_089,Headphones,Electronics,2623.9,2.0,20.0,4198.24,2025-08-25,Mumbai,UPI,2
ORD1110,Customer_097,Office Chair,Furniture,8377.47,3.0,10.0,22619.17,2025-01-23,Nagpur,UPI,1
ORD1111,Customer_104,Laptop,Electronics,61592.98,2.0,10.0,110867.36,2025-04-14,Delhi,Debit Card,3
ORD1112,Customer_015,Backpack,Accessories,2352.16,2.0,0.0,4704.32,2025-04-21,Hyderabad,UPI,4
ORD1113,Customer_185,Coffee Maker,Home Appliances,4696.3,4.0,20.0,15028.16,2025-04-07,Hyderabad,Net Banking,3
ORD1114,Customer_010,Backpack,Accessories,1964.46,4.0,10.0,7072.06,2025-01-05,Delhi,Credit Card,1
ORD1115,Customer_180,Mouse,Accessories,986.74,4.0,5.0,3749.61,2025-07-03,Nagpur,Net Banking,5
ORD1116,Customer_155,Jeans,Fashion,1653.8,4.0,15.0,5622.92,2025-04-05,Delhi,Debit Card,4
ORD1117,Customer_011,Smartwatch,Electronics,6921.55,3.0,5.0,19726.42,2025-09-11,Mumbai,Credit Card,3
ORD1118,Customer_111,T-Shirt,Fashion,1011.2,2.0,10.0,1820.16,2025-04-14,Bengaluru,Debit Card,4
ORD1119,Customer_037,T-Shirt,Fashion,917.59,4.0,15.0,3119.81,2025-11-24,NAGPUR,Credit Card,1
ORD1120,Customer_029,T-Shirt,Fashion,866.1,1.0,5.0,822.8,2025-10-23,Pune,Debit Card,1
ORD1121,,Coffee Maker,Home Appliances,3867.24,2.0,15.0,6574.31,2025-11-09,Pune,Debit Card,5
ORD1122,Customer_057,Mixer,Home Appliances,3032.5,1.0,0.0,3032.5,2025-04-27,Mumbai,UPI,3
ORD1123,Customer_130,Mixer,Home Appliances,3410.23,-1.0,20.0,5456.37,2025-07-29,Delhi,Credit Card,3
ORD1124,Customer_179,Laptop,Electronics,56436.63,3.0,5.0,160844.4,2025-07-01,Pune,Cash,5
ORD1125,Customer_150,Office Chair,Furniture,8019.26,5.0,10.0,36086.67,2025-06-03,Bengaluru,Credit Card,5
ORD1126,Customer_148,Laptop,Electronics,49687.59,4.0,5.0,188812.84,2025-04-28,Chennai,Cash,5
ORD1127,Customer_222,Office Chair,Furniture,8505.6,1.0,5.0,8080.32,2025-08-03,Delhi,Debit Card,3
ORD1128,Customer_221,Coffee Maker,Home Appliances,3828.48,5.0,10.0,17228.16,2025-10-13,Delhi,Credit Card,1
ORD1129,Customer_220,Coffee Maker,Home Appliances,4469.71,2.0,10.0,,2025-04-23,mumbai,Debit Card,4
ORD1130,Customer_202,Laptop,Electronics,52266.99,3.0,5.0,148960.92,2025-06-11,Bengaluru,UPI,4
ORD1131,Customer_067,Smartphone,Electronics,31082.75,1.0,10.0,27974.48,2025-09-12,Hyderabad,UPI,5
ORD1132,Customer_162,Headphones,Electronics,2790.6,4.0,0.0,11162.4,10/18/2025,Chennai,Debit Card,4
ORD1133,Customer_055,Smartwatch,Electronics,6827.77,5.0,5.0,32431.91,2025-01-07,Mumbai,UPI,5
ORD1134,Customer_188,Headphones,Electronics,2217.08,3.0,10.0,5986.12,2025-03-23,Mumbai,UPI,5
ORD1135,Customer_119,Smartwatch,Electronics,6179.94,2.0,5.0,11741.89,2025-01-20,Hyderabad,Net Banking,1
ORD1136,Customer_086,Smartphone,Electronics,31032.97,3.0,20.0,74479.13,2025-12-30,Pune,Credit Card,3
ORD1137,Customer_209,Coffee Maker,Home Appliances,4163.54,1.0,5.0,3955.36,2025-01-14,Pune,Credit Card,5
ORD1138,Customer_154,Desk,Furniture,11128.4,3.0,5.0,31715.94,2025-01-29,Hyderabad,Credit Card,5
ORD1139,Customer_041,Shoes,Fashion,3509.68,5.0,15.0,14916.14,2025-02-03,Pune,Net Banking,1
ORD1140,Customer_213,Mouse,Accessories,989.03,5.0,0.0,4945.15,2025-01-27,Pune,Debit Card,2
ORD1141,Customer_173,T-Shirt,Fashion,935.94,5.0,0.0,4679.7,07/09/2025,MUMBAI,Credit Card,4
ORD1142,Customer_115,Mouse,Accessories,964.27,3.0,0.0,2892.81,2025-10-09,Hyderabad,Net Banking,3
ORD1143,Customer_039,Office Chair,Furniture,8339.84,4.0,10.0,30023.42,2025-08-20,Delhi,Credit Card,5
ORD1144,Customer_211,Office Chair,Furniture,7773.1,4.0,10.0,27983.16,08/15/2025,Bengaluru,Debit Card,1
ORD1145,Customer_154,Coffee Maker,Home Appliances,4773.6,3.0,5.0,13604.76,2025-03-14,Pune,UPI,1
ORD1146,Customer_035,Desk,Furniture,12737.73,2.0,5.0,24201.69,2025-05-11,Mumbai,Net Banking,4
ORD1147,Customer_101,T-Shirt,Fashion,1026.28,2.0,0.0,2052.56,2025-02-13,Delhi,Debit Card,1
ORD1148,Customer_047,Jeans,Fashion,1956.61,1.0,5.0,1858.78,2025-01-12,Chennai,Debit Card,5
ORD1149,Customer_012,Laptop,Electronics,57619.93,1.0,20.0,46095.94,2025-05-23,Delhi,Credit Card,1
ORD1150,Customer_145,Jeans,Fashion,1891.76,2.0,10.0,3405.17,2025-10-09,Hyderabad,Credit Card,5
ORD1151,Customer_221,Backpack,Accessories,2066.25,2.0,5.0,3925.88,2025-03-23,Nagpur,Cash,3
ORD1152,Customer_152,Smartphone,Electronics,28188.45,1.0,10.0,25369.6,2025-04-18,Bengaluru,Net Banking,2
ORD1153,Customer_108,Headphones,Electronics,2647.22,,10.0,4765.0,2025-02-08,Nagpur,UPI,4
ORD1154,Customer_016,Jeans,Fashion,1887.29,5.0,10.0,8492.8,2025-04-18,Chennai,Credit Card,3
ORD1155,Customer_141,Monitor,Electronics,16059.43,3.0,15.0,40951.55,2025-10-01,Delhi,Debit Card,4
ORD1156,Customer_236,Jeans,Fashion,1944.28,5.0,0.0,9721.4,2025-07-04,Bengaluru,UPI,2
ORD1157,Customer_222,Coffee Maker,Home Appliances,4096.39,4.0,10.0,14747.0,2025-06-26,Delhi,Net Banking,2
ORD1158,Customer_193,Smartwatch,Electronics,6920.33,5.0,0.0,34601.65,2025-03-14,Nagpur,UPI,1
ORD1159,Customer_061,Office Chair,Furniture,7542.32,3.0,20.0,18101.57,2025-07-17,Nagpur,Debit Card,5
ORD1160,Customer_072,Smartphone,Electronics,25203.09,4.0,0.0,100812.36,2025-05-28,Hyderabad,Net Banking,3
ORD1161,Customer_218,Jeans,Fashion,1594.98,3.0,0.0,4784.94,2025-08-29,Mumbai,Debit Card,5
ORD1162,Customer_020,Keyboard,Accessories,1870.08,1.0,10.0,1683.07,2025-08-29,Hyderabad,Debit Card,2
ORD1163,Customer_160,Headphones,Electronics,2693.68,1.0,0.0,2693.68,2025-08-15,chennai,Net Banking,5
ORD1164,Customer_098,Mixer,Home Appliances,3011.61,4.0,,10841.8,2025-09-24,Pune,Debit Card,3
ORD1165,Customer_076,T-Shirt,Fashion,893.7,3.0,20.0,2144.88,2025-06-19,Pune,UPI,5
ORD1166,Customer_072,Shoes,Fashion,2803.51,4.0,5.0,10653.34,2025-09-08,Hyderabad,Credit Card,2
ORD1167,Customer_205,Mouse,Accessories,1024.77,5.0,15.0,,2025-03-22,Mumbai,Net Banking,5
ORD1168,Customer_205,Headphones,Electronics,2743.51,2.0,10.0,4938.32,2025-08-25,Pune,Debit Card,4
ORD1169,Customer_045,Laptop,Electronics,49346.12,1.0,5.0,46878.81,2025-12-11,Hyderabad,Credit Card,4
ORD1170,Customer_235,Mixer,Home Appliances,3708.94,4.0,0.0,14835.76,2025-02-14,Mumbai,UPI,3
ORD1171,Customer_181,Mixer,Home Appliances,3842.11,2.0,15.0,6531.59,2025-06-07,Nagpur,Credit Card,4
ORD1172,Customer_194,Smartphone,Electronics,30789.93,5.0,5.0,146252.17,2025-08-12,Hyderabad,Debit Card,1
ORD1173,Customer_088,Desk,Furniture,12474.53,2.0,10.0,22454.15,2025-12-31,DELHI,Debit Card,2
ORD1174,Customer_222,Desk,Furniture,-500.0,4.0,10.0,49200.37,2025-02-06,Hyderabad,Cash,4
ORD1175,Customer_012,Smartwatch,Electronics,5657.28,3.0,,16971.84,2025-07-12,Chennai,Credit Card,3
ORD1176,Customer_227,Smartphone,Electronics,31120.91,5.0,5.0,147824.32,07-01-2025,Hyderabad,Debit Card,1
ORD1177,Customer_215,Mouse,Accessories,865.4,3.0,5.0,2466.39,2025-01-26,Mumbai,Credit Card,5
ORD1178,Customer_015,Smartwatch,Electronics,6356.05,5.0,15.0,27013.21,2025-10-12,Hyderabad,Debit Card,4
ORD1179,Customer_027,Smartphone,Electronics,30291.71,4.0,10.0,109050.16,2025-07-14,Pune,Cash,4
ORD1180,Customer_006,Jeans,Fashion,2039.55,5.0,10.0,9177.98,2025-05-27,Pune,Net Banking,3
ORD1181,Customer_162,Shoes,Fashion,3112.96,4.0,10.0,11206.66,2025-06-12,Pune,UPI,4
ORD1182,Customer_174,Smartphone,Electronics,31060.61,3.0,20.0,74545.46,2025-05-25,Hyderabad,Net Banking,3
ORD1183,Customer_172,Coffee Maker,Home Appliances,4238.25,3.0,15.0,10807.54,2025-06-30,Bengaluru,Credit Card,3
ORD1184,Customer_199,Smartwatch,Electronics,7078.25,1.0,0.0,,2025-09-30,Chennai,Cash,4
ORD1185,Customer_214,Smartwatch,Electronics,6613.9,1.0,0.0,6613.9,2025-04-27,Mumbai,Debit Card,5
ORD1186,Customer_082,Laptop,Electronics,46941.74,2.0,10.0,84495.13,2025-04-05,Chennai,Debit Card,5
ORD1187,Customer_214,Desk,Furniture,13296.44,1.0,0.0,13296.44,2025-06-28,Pune,UPI,4
ORD1188,Customer_202,Desk,Furniture,12255.26,4.0,10.0,44118.94,2025-08-30,Bengaluru,UPI,2
ORD1189,Customer_077,Laptop,Electronics,48199.8,5.0,,240999.0,2025-04-26,Mumbai,Credit Card,2
ORD1190,Customer_172,Coffee Maker,Home Appliances,4443.42,2.0,0.0,8886.84,2025-11-01,Delhi,Net Banking,3
ORD1191,Customer_160,Shoes,Fashion,2750.32,1.0,0.0,2750.32,2025-02-10,Mumbai,Cash,2
ORD1192,Customer_203,T-Shirt,Fashion,981.47,3.0,5.0,2797.19,2025-03-25,Bengaluru,Credit Card,2
ORD1193,Customer_014,Mixer,Home Appliances,3650.76,1.0,0.0,3650.76,2025-01-12,Nagpur,Cash,5
ORD1194,Customer_238,Desk,Furniture,13338.42,2.0,5.0,25343.0,22-12-2025,Hyderabad,Net Banking,5
ORD1195,Customer_146,Backpack,Accessories,1898.82,4.0,10.0,6835.75,2025-07-30,Chennai,Net Banking,1
ORD1196,Customer_189,Shoes,Fashion,3344.31,2.0,5.0,6354.19,2025-04-03,Chennai,UPI,4
ORD1197,Customer_148,Laptop,Electronics,61076.5,2.0,,109937.7,2025-10-20,Bengaluru,Cash,4
ORD1198,Customer_096,Coffee Maker,Home Appliances,4814.44,2.0,15.0,8184.55,2025-04-15,Bengaluru,Credit Card,5
ORD1199,Customer_164,Smartphone,Electronics,27888.02,2.0,10.0,50198.44,2025-09-19,Nagpur,Credit Card,3
ORD1200,Customer_237,Headphones,Electronics,2337.89,5.0,0.0,11689.45,2025-01-18,Hyderabad,UPI,3
ORD1201,Customer_078,Monitor,Electronics,14906.46,2.0,0.0,29812.92,02-01-2025,Nagpur,Net Banking,5
ORD1202,Customer_014,Mouse,Accessories,897.92,4.0,5.0,3412.1,2025-08-19,Pune,Cash,2
ORD1203,Customer_028,Backpack,Accessories,1977.93,3.0,5.0,5637.1,2025-03-07,Delhi,Net Banking,5
ORD1204,Customer_045,Mixer,Home Appliances,3592.83,4.0,0.0,14371.32,2025-10-30,Nagpur,Debit Card,2
ORD1205,Customer_076,Headphones,Electronics,2456.52,2.0,5.0,4667.39,12/16/2025,Pune,UPI,5
ORD1206,Customer_064,Smartwatch,Electronics,6671.37,4.0,10.0,24016.93,2025-10-11,Pune,Debit Card,5
ORD1207,Customer_120,Mixer,Home Appliances,3671.99,5.0,15.0,15605.96,2025-02-13,Bengaluru,Cash,3
ORD1208,Customer_037,Jeans,Fashion,1548.46,2.0,0.0,3096.92,2025-01-20,Mumbai,Net Banking,1
ORD1209,Customer_069,Backpack,Accessories,2018.3,5.0,20.0,8073.2,2025-06-10,pune,Debit Card,4
ORD1210,Customer_043,Monitor,Electronics,13568.99,2.0,20.0,21710.38,2025-05-06,Mumbai,UPI,2
ORD1211,Customer_172,Jeans,Fashion,1998.68,3.0,5.0,5696.24,2025-10-21,bengaluru,Net Banking,4
ORD1212,Customer_247,Smartphone,Electronics,25495.57,2.0,0.0,50991.14,2025-09-21,Hyderabad,Net Banking,2
ORD1213,Customer_158,Laptop,Electronics,60578.9,2.0,5.0,115099.91,2025-04-24,Mumbai,UPI,2
ORD1214,Customer_072,Office Chair,Furniture,9429.75,1.0,0.0,9429.75,2025-12-11,Chennai,Cash,1
ORD1215,Customer_105,Laptop,Electronics,50308.64,5.0,10.0,226388.88,2025-03-31,Chennai,Cash,2
ORD1216,Customer_089,Smartphone,Electronics,28881.61,1.0,15.0,24549.37,2025-06-25,Hyderabad,UPI,5
ORD1217,Customer_125,Jeans,Fashion,1685.89,3.0,15.0,4299.02,2025-04-12,Chennai,Cash,3
ORD1218,Customer_083,Mouse,Accessories,1008.37,5.0,15.0,4285.57,2025-12-31,Delhi,UPI,1
ORD1219,Customer_143,Keyboard,Accessories,1705.28,4.0,10.0,6139.01,2025-11-12,Hyderabad,UPI,1
ORD1220,Customer_218,Laptop,Electronics,55753.83,3.0,0.0,167261.49,2025-09-24,Delhi,Credit Card,2
ORD1221,Customer_048,Coffee Maker,Home Appliances,4200.56,5.0,15.0,17852.38,2025-04-27,Hyderabad,Credit Card,1
ORD1222,Customer_228,T-Shirt,Fashion,,5.0,0.0,4026.15,2025-09-28,Delhi,Credit Card,4
ORD1223,Customer_247,Shoes,Fashion,3220.38,5.0,0.0,16101.9,2025-12-02,Nagpur,Net Banking,4
ORD1224,Customer_068,Mixer,Home Appliances,3230.66,3.0,5.0,9207.38,2025-10-04,Hyderabad,Debit Card,2
ORD1225,Customer_027,Coffee Maker,Home Appliances,4182.2,5.0,5.0,19865.45,06/06/2025,Nagpur,Cash,3
ORD1226,,Office Chair,Furniture,8018.83,4.0,10.0,28867.79,2025-03-18,Bengaluru,Credit Card,1
ORD1227,Customer_141,Coffee Maker,Home Appliances,3798.25,4.0,0.0,15193.0,2025-06-08,Nagpur,UPI,2
ORD1228,Customer_118,Jeans,Fashion,1668.54,4.0,5.0,6340.45,2025-09-20,Chennai,UPI,4
ORD1229,Customer_150,Office Chair,Furniture,8567.57,3.0,0.0,25702.71,2025-04-28,Hyderabad,Cash,1
ORD1230,Customer_121,Monitor,Electronics,12790.59,2.0,0.0,25581.18,2025-05-05,Mumbai,UPI,2
ORD1231,Customer_100,Shoes,Fashion,3469.3,2.0,10.0,6244.74,2025-03-01,Nagpur,Credit Card,1
ORD1232,Customer_242,Smartphone,Electronics,30239.91,2.0,5.0,57455.83,2025-03-10,Nagpur,UPI,3
ORD1233,Customer_176,T-Shirt,Fashion,997.96,5.0,0.0,4989.8,2025-10-20,Nagpur,Debit Card,4
ORD1234,Customer_077,Backpack,Accessories,2230.82,2.0,5.0,4238.56,2025-09-11,Pune,Credit Card,3
ORD1235,Customer_125,Backpack,Accessories,2328.8,3.0,5.0,6637.08,2025-06-16,Pune,UPI,3
ORD1236,Customer_102,Backpack,Accessories,2095.12,3.0,10.0,5656.82,2025-02-11,Nagpur,Net Banking,4
ORD1237,Customer_136,Office Chair,Furniture,8870.49,4.0,0.0,35481.96,2025-12-19,Delhi,UPI,4
ORD1238,Customer_172,Jeans,Fashion,1810.29,2.0,10.0,3258.52,2025-01-27,Hyderabad,Credit Card,3
ORD1239,Customer_070,Mouse,Accessories,827.32,2.0,5.0,1571.91,2025-05-10,Nagpur,Cash,2
ORD1240,Customer_116,Mouse,Accessories,,2.0,5.0,1739.64,2025-09-21,Chennai,Cash,2
ORD1241,Customer_249,Smartwatch,Electronics,7400.25,5.0,10.0,33301.12,2025-11-07,Mumbai,UPI,4
ORD1242,Customer_030,Laptop,Electronics,51714.08,4.0,5.0,196513.5,2025-08-25,Nagpur,Cash,3
ORD1243,Customer_108,Office Chair,Furniture,7276.07,4.0,20.0,23283.42,2025-11-17,Pune,Net Banking,4
ORD1244,Customer_204,Mouse,Accessories,834.4,1.0,10.0,750.96,2025-02-07,Bengaluru,Credit Card,5
ORD1245,Customer_105,Coffee Maker,Home Appliances,3718.24,2.0,5.0,7064.66,2025-12-07,Mumbai,Debit Card,1
ORD1246,Customer_151,Desk,Furniture,12035.01,3.0,5.0,34299.78,2025-06-03,Bengaluru,Credit Card,3
ORD1247,Customer_234,Mouse,Accessories,899.18,4.0,15.0,3057.21,2025-01-12,Nagpur,UPI,2
ORD1248,Customer_234,Mouse,Accessories,985.71,3.0,10.0,2661.42,2025-06-07,Chennai,Debit Card,4
ORD1249,Customer_091,Coffee Maker,Home Appliances,3671.96,5.0,0.0,18359.8,2025-05-10,Delhi,Credit Card,4
ORD1250,Customer_054,Smartphone,Electronics,29184.17,1.0,10.0,26265.75,2025-10-16,Bengaluru,UPI,5
ORD1251,Customer_141,Smartwatch,Electronics,6505.0,1.0,15.0,5529.25,2025-04-27,Mumbai,Net Banking,2
ORD1252,Customer_012,Smartwatch,Electronics,5788.57,4.0,0.0,23154.28,2025-10-15,Bengaluru,Net Banking,4
ORD1253,Customer_130,Smartphone,Electronics,26133.12,5.0,0.0,130665.6,2025-03-01,Nagpur,Debit Card,3
ORD1254,Customer_126,Keyboard,Accessories,1951.61,2.0,0.0,3903.22,2025-09-24,Mumbai,Net Banking,1
ORD1255,Customer_156,Backpack,Accessories,2027.86,3.0,0.0,6083.58,2025-07-09,Chennai,Debit Card,4
ORD1256,Customer_124,Laptop,Electronics,55155.47,1.0,0.0,55155.47,2025-11-04,Hyderabad,Cash,4
ORD1257,Customer_116,T-Shirt,Fashion,993.96,2.0,0.0,1987.92,2025-07-10,Chennai,Net Banking,3
ORD1258,Customer_133,Backpack,Accessories,2216.83,5.0,5.0,10529.94,2025-07-02,Mumbai,Debit Card,5
ORD1259,Customer_058,Mouse,Accessories,978.39,5.0,15.0,4158.16,2025-03-06,Hyderabad,Net Banking,2
ORD1260,Customer_173,Smartphone,Electronics,29086.11,5.0,15.0,123615.97,2025-06-09,Bengaluru,UPI,3
ORD1261,Customer_183,Laptop,Electronics,55791.33,5.0,15.0,237113.15,2025-04-27,Mumbai,Cash,2
ORD1262,Customer_233,Smartwatch,Electronics,5999.78,2.0,5.0,11399.58,2025-08-09,Bengaluru,Net Banking,2
ORD1263,Customer_017,Keyboard,Accessories,2046.36,1.0,20.0,1637.09,2025-04-30,Pune,UPI,1
ORD1264,Customer_242,Smartphone,Electronics,27475.87,5.0,5.0,130510.38,2025-11-10,Bengaluru,Net Banking,4
ORD1265,Customer_177,Shoes,Fashion,3195.63,3.0,5.0,9107.55,2025-03-20,Pune,Cash,5
ORD1266,Customer_101,Headphones,Electronics,2204.27,4.0,10.0,,2025-01-08,Hyderabad,UPI,3
ORD1267,Customer_133,Laptop,Electronics,47939.39,3.0,0.0,143818.17,2025-05-28,Hyderabad,Credit Card,4
ORD1268,Customer_028,Shoes,Fashion,3651.92,3.0,10.0,9860.18,2025-02-20,Delhi,Credit Card,5
ORD1269,Customer_224,Keyboard,Accessories,1886.56,2.0,0.0,3773.12,2025-08-08,Pune,UPI,1
ORD1270,Customer_126,Smartphone,Electronics,29405.74,3.0,0.0,88217.22,2025-11-20,Chennai,UPI,1
ORD1271,Customer_164,Desk,Furniture,12109.09,2.0,5.0,23007.27,2025-05-20,Delhi,Credit Card,5
ORD1272,Customer_010,Keyboard,Accessories,2026.96,4.0,0.0,8107.84,09/28/2025,Pune,Credit Card,1
ORD1273,Customer_114,Desk,Furniture,11553.57,4.0,5.0,43903.57,2025-10-05,Bengaluru,Cash,5
ORD1274,Customer_227,T-Shirt,Fashion,818.32,1.0,10.0,736.49,2025-05-02,Chennai,UPI,4
ORD1275,Customer_149,Desk,Furniture,12158.46,5.0,15.0,51673.45,2025-05-06,Chennai,Cash,3
ORD1276,Customer_029,Mouse,Accessories,968.36,,20.0,774.69,2025-09-26,Mumbai,Credit Card,5
ORD1277,Customer_207,Keyboard,Accessories,1922.03,3.0,20.0,4612.87,2025-03-29,Bengaluru,Net Banking,3
ORD1278,Customer_019,Keyboard,Accessories,1848.79,3.0,5.0,5269.05,2025-01-23,Hyderabad,Cash,1
ORD1279,Customer_072,Keyboard,Accessories,1616.44,2.0,10.0,2909.59,2025-05-09,Bengaluru,Net Banking,3
ORD1280,Customer_106,Laptop,Electronics,51335.38,3.0,5.0,146305.83,2025-12-20,Delhi,UPI,2
ORD1281,Customer_169,Keyboard,Accessories,1925.86,3.0,0.0,5777.58,2025-04-22,Hyderabad,UPI,4
ORD1282,Customer_012,Smartwatch,Electronics,5535.2,2.0,15.0,9409.84,2025-07-28,CHENNAI,UPI,2
ORD1283,Customer_223,Keyboard,Accessories,1728.69,3.0,15.0,4408.16,2025-03-11,Delhi,Net Banking,2
ORD1284,Customer_024,Smartwatch,Electronics,6276.48,4.0,10.0,22595.33,2025-08-15,Mumbai,Net Banking,5
ORD1285,Customer_174,Mouse,Accessories,952.82,5.0,0.0,4764.1,2025-09-17,Bengaluru,UPI,5
ORD1286,Customer_003,Smartwatch,Electronics,6309.54,4.0,10.0,22714.34,2025-08-04,Hyderabad,Credit Card,4
ORD1287,Customer_147,Smartwatch,Electronics,5627.97,2.0,10.0,10130.35,2025-06-08,Bengaluru,Cash,3
ORD1288,Customer_109,Laptop,Electronics,57252.1,3.0,0.0,171756.3,2025-03-17,Chennai,Credit Card,5
ORD1289,Customer_228,Mixer,Home Appliances,3841.39,3.0,5.0,10947.96,2025-12-16,Nagpur,UPI,1
ORD1290,Customer_047,Smartphone,Electronics,26919.94,1.0,10.0,24227.95,2025-11-09,Bengaluru,Net Banking,1
ORD1291,Customer_219,Laptop,Electronics,57269.63,,15.0,194716.74,2025-07-17,Nagpur,Cash,3
ORD1292,Customer_061,Backpack,Accessories,2247.44,5.0,0.0,11237.2,2025-05-18,Mumbai,Debit Card,5
ORD1293,Customer_109,Shoes,Fashion,2743.22,5.0,10.0,12344.49,2025-02-20,Hyderabad,Debit Card,2
ORD1294,Customer_064,Headphones,Electronics,2447.24,3.0,5.0,6974.63,2025-02-18,Hyderabad,Credit Card,5
ORD1295,Customer_039,Smartwatch,Electronics,5785.29,4.0,0.0,23141.16,2025-05-09,Pune,Cash,1
ORD1296,Customer_031,Mouse,Accessories,825.81,4.0,0.0,3303.24,2025-03-25,pune,Cash,5
ORD1297,Customer_220,Coffee Maker,Home Appliances,3926.26,2.0,5.0,7459.89,2025-06-12,Nagpur,Cash,2
ORD1298,Customer_044,Mouse,Accessories,880.8,1.0,15.0,748.68,2025-11-25,Hyderabad,Cash,3
ORD1299,Customer_196,Smartwatch,Electronics,6733.41,3.0,0.0,20200.23,2025-06-27,Pune,Debit Card,2
ORD1300,Customer_236,Office Chair,Furniture,8623.22,5.0,0.0,43116.1,2025-05-22,Pune,Net Banking,2
ORD1301,Customer_165,Keyboard,Accessories,1668.53,3.0,10.0,4505.03,2025-11-01,Delhi,Debit Card,1
ORD1302,Customer_161,Keyboard,Accessories,1858.6,1.0,0.0,1858.6,2025-06-27,Hyderabad,Cash,2
ORD1303,Customer_061,Desk,Furniture,13262.22,1.0,10.0,11936.0,2025-03-02,Mumbai,Cash,2
ORD1304,Customer_198,Shoes,Fashion,2784.96,1.0,10.0,2506.46,2025-07-17,Mumbai,UPI,2
ORD1305,,Keyboard,Accessories,1606.12,1.0,10.0,1445.51,2025-05-24,Delhi,Net Banking,4
ORD1306,Customer_099,Office Chair,Furniture,9231.77,4.0,5.0,35080.73,2025-07-11,Delhi,UPI,5
ORD1307,Customer_214,Smartwatch,Electronics,6587.45,4.0,15.0,22397.33,2025-05-23,Hyderabad,Cash,4
ORD1308,Customer_028,Coffee Maker,Home Appliances,3870.88,1.0,10.0,3483.79,2025-01-26,Pune,Credit Card,1
ORD1309,Customer_244,Office Chair,Furniture,8408.03,4.0,10.0,30268.91,2025-08-15,Chennai,Cash,1
ORD1310,Customer_011,Shoes,Fashion,3085.2,3.0,5.0,8792.82,09/25/2025,Mumbai,Cash,4
ORD1311,Customer_137,Desk,Furniture,12279.34,5.0,5.0,58326.86,16-02-2025,Nagpur,Credit Card,2
ORD1312,Customer_080,T-Shirt,Fashion,952.89,-1.0,0.0,3811.56,2025-12-31,Delhi,Debit Card,2
ORD1313,Customer_247,Shoes,Fashion,3664.18,1.0,10.0,3297.76,2025-01-08,hyderabad,Cash,3
ORD1314,Customer_012,Keyboard,Accessories,1767.77,3.0,15.0,4507.81,2025-10-29,Nagpur,UPI,5
ORD1315,Customer_156,Backpack,Accessories,1950.81,5.0,5.0,9266.35,2025-04-12,Mumbai,Debit Card,3
ORD1316,Customer_148,Keyboard,Accessories,1832.27,1.0,0.0,1832.27,03-06-2025,Chennai,Net Banking,3
ORD1317,Customer_178,Jeans,Fashion,1711.89,1.0,15.0,1455.11,2025-05-14,Delhi,Cash,4
ORD1318,Customer_213,Desk,Furniture,11896.2,4.0,5.0,45205.56,2025-08-04,Mumbai,Debit Card,4
ORD1319,Customer_218,T-Shirt,Fashion,906.87,5.0,0.0,4534.35,2025-07-09,Pune,Net Banking,3
ORD1320,Customer_058,Smartwatch,Electronics,7290.45,3.0,5.0,20777.78,2025-03-16,Pune,UPI,5
ORD1321,Customer_212,T-Shirt,Fashion,892.25,,10.0,2409.08,2025-09-29,Mumbai,Credit Card,3
ORD1322,Customer_001,Office Chair,Furniture,7234.73,1.0,10.0,6511.26,2025-09-04,Nagpur,Debit Card,4
ORD1323,Customer_117,Monitor,Electronics,14053.15,5.0,0.0,70265.75,2025-10-29,Bengaluru,Cash,4
ORD1324,Customer_207,Laptop,Electronics,59390.07,3.0,0.0,178170.21,2025-07-29,Delhi,UPI,3
ORD1325,Customer_046,Shoes,Fashion,3258.02,3.0,5.0,9285.36,2025-02-07,Chennai,Cash,5
ORD1326,Customer_078,Office Chair,Furniture,7553.56,3.0,20.0,18128.54,2025-03-25,Pune,UPI,2
ORD1327,Customer_179,Mouse,Accessories,840.61,1.0,5.0,798.58,10/02/2025,pune,Cash,4
ORD1328,Customer_119,Jeans,Fashion,2049.92,1.0,5.0,1947.42,2025-05-01,Bengaluru,Debit Card,4
ORD1329,Customer_168,Coffee Maker,Home Appliances,3845.24,5.0,10.0,17303.58,2025-10-13,Pune,UPI,4
ORD1330,Customer_187,Desk,Furniture,13168.33,5.0,5.0,62549.57,2025-11-30,Chennai,UPI,4
ORD1331,Customer_110,Shoes,Fashion,3586.78,2.0,10.0,6456.2,2025-03-27,Pune,Net Banking,1
ORD1332,Customer_050,Coffee Maker,Home Appliances,4110.77,3.0,20.0,9865.85,2025-09-12,Hyderabad,Net Banking,4
ORD1333,Customer_201,Keyboard,Accessories,1853.45,1.0,10.0,1668.1,2025-11-20,Delhi,UPI,2
ORD1334,Customer_168,Office Chair,Furniture,9662.35,5.0,10.0,43480.58,2025-11-28,Chennai,Cash,1
ORD1335,Customer_021,Headphones,Electronics,2794.39,5.0,0.0,13971.95,2025-11-03,Chennai,Cash,1
ORD1336,Customer_150,Jeans,Fashion,1875.39,4.0,0.0,7501.56,2025-03-17,Hyderabad,Debit Card,4
ORD1337,Customer_001,Smartphone,Electronics,26081.18,3.0,10.0,70419.19,2025-03-13,Nagpur,UPI,2
ORD1338,Customer_211,Laptop,Electronics,47406.14,2.0,20.0,75849.82,2025-12-28,Pune,UPI,5
ORD1339,Customer_084,Jeans,Fashion,1790.3,3.0,5.0,5102.35,2025-11-08,Pune,Net Banking,5
ORD1340,Customer_043,Mouse,Accessories,995.62,1.0,0.0,995.62,2025-12-19,Mumbai,Net Banking,5
ORD1341,Customer_126,Laptop,Electronics,50355.41,2.0,5.0,95675.28,2025-08-21,Pune,Net Banking,1
ORD1342,Customer_167,Desk,Furniture,13145.54,5.0,5.0,62441.32,2025-07-02,Pune,Net Banking,3
ORD1343,Customer_045,Coffee Maker,Home Appliances,4820.95,5.0,20.0,19283.8,2025-01-01,Bengaluru,Debit Card,4
ORD1344,Customer_189,Office Chair,Furniture,9539.41,5.0,5.0,45312.2,2025-08-28,Pune,Net Banking,2
ORD1345,Customer_091,Backpack,Accessories,2499.66,-1.0,0.0,12498.3,2025-06-23,Nagpur,Net Banking,1
ORD1346,Customer_222,Mixer,Home Appliances,,2.0,0.0,7780.36,2025-06-10,Nagpur,Cash,2
ORD1347,Customer_113,Keyboard,Accessories,1595.35,4.0,10.0,5743.26,2025-08-13,Bengaluru,Credit Card,3
ORD1348,Customer_105,Mixer,Home Appliances,3762.34,2.0,10.0,6772.21,2025-07-21,Mumbai,Debit Card,3
ORD1349,Customer_201,Jeans,Fashion,1535.47,2.0,0.0,3070.94,2025-02-08,bengaluru,Debit Card,4
ORD1350,Customer_131,Mouse,Accessories,797.55,2.0,10.0,1435.59,2025-12-16,Mumbai,UPI,1
ORD1351,Customer_045,Coffee Maker,Home Appliances,4240.94,3.0,5.0,12086.68,2025-12-23,Hyderabad,UPI,1
ORD1352,Customer_107,Backpack,Accessories,2409.04,4.0,5.0,9154.35,2025-05-26,Bengaluru,Debit Card,5
ORD1353,Customer_108,Backpack,Accessories,2228.07,2.0,10.0,4010.53,2025-12-20,delhi,Debit Card,4
ORD1354,Customer_250,T-Shirt,Fashion,1012.49,3.0,10.0,2733.72,2025-11-09,Chennai,Cash,4
ORD1355,Customer_165,Laptop,Electronics,55425.91,2.0,0.0,110851.82,2025-01-07,Bengaluru,Net Banking,1
ORD1356,Customer_188,Laptop,Electronics,62369.63,3.0,0.0,187108.89,2025-05-06,Delhi,UPI,1
ORD1357,,Mouse,Accessories,993.73,2.0,15.0,1689.34,2025-07-23,Chennai,UPI,4
ORD1358,Customer_088,Laptop,Electronics,49069.12,,0.0,245345.6,2025-03-08,Delhi,Net Banking,4
ORD1359,Customer_234,Monitor,Electronics,12063.78,3.0,5.0,34381.77,2025-02-20,Mumbai,Debit Card,5
ORD1360,,Mixer,Home Appliances,3487.24,2.0,20.0,5579.58,2025-02-06,Mumbai,Cash,5
ORD1361,Customer_201,Headphones,Electronics,2791.3,4.0,20.0,8932.16,2025-10-12,Hyderabad,Debit Card,4
ORD1362,Customer_233,Laptop,Electronics,53110.95,4.0,20.0,169955.04,2025-11-01,Hyderabad,Credit Card,5
ORD1363,Customer_098,Mouse,Accessories,831.67,3.0,5.0,2370.26,04/19/2025,Delhi,Credit Card,1
ORD1364,Customer_139,Keyboard,Accessories,1714.92,4.0,0.0,6859.68,2025-12-25,Bengaluru,Debit Card,1
ORD1365,Customer_111,T-Shirt,Fashion,922.41,5.0,5.0,4381.45,2025-12-20,Delhi,Cash,3
ORD1366,Customer_214,Jeans,Fashion,,4.0,,7853.38,2025-09-06,Mumbai,Debit Card,5
ORD1367,Customer_101,Backpack,Accessories,2130.79,4.0,15.0,7244.69,2025-06-13,Chennai,Debit Card,3
ORD1368,Customer_246,Keyboard,Accessories,1853.53,5.0,5.0,8804.27,2025-05-29,Chennai,Debit Card,4
ORD1369,Customer_250,Keyboard,Accessories,1958.87,4.0,5.0,7443.71,2025-01-12,Chennai,UPI,3
ORD1370,Customer_096,Headphones,Electronics,2509.68,,5.0,9536.78,2025-03-11,Nagpur,Credit Card,4
ORD1371,Customer_249,Mouse,Accessories,906.06,3.0,10.0,2446.36,2025-08-30,Pune,Debit Card,5
ORD1372,Customer_239,Coffee Maker,Home Appliances,4144.53,4.0,15.0,14091.4,2025-09-17,Nagpur,Net Banking,3
ORD1373,Customer_081,Mixer,Home Appliances,3089.73,4.0,0.0,12358.92,2025-08-13,Delhi,Debit Card,3
ORD1374,,Keyboard,Accessories,1805.63,5.0,20.0,7222.52,2025-04-24,Chennai,Net Banking,3
ORD1375,Customer_021,Headphones,Electronics,2644.4,2.0,10.0,4759.92,2025-07-23,Mumbai,UPI,3
ORD1376,Customer_008,Office Chair,Furniture,8572.87,3.0,20.0,20574.89,2025-10-09,Pune,Debit Card,1
ORD1377,Customer_141,Smartwatch,Electronics,7151.58,-1.0,0.0,7151.58,2025-08-20,Hyderabad,Cash,1
ORD1378,Customer_104,Mixer,Home Appliances,3903.65,3.0,10.0,10539.86,2025-01-23,Pune,Credit Card,4
ORD1379,Customer_003,Coffee Maker,Home Appliances,3600.87,3.0,5.0,10262.48,2025-07-07,Hyderabad,Net Banking,2
ORD1380,Customer_066,Jeans,Fashion,2045.76,3.0,15.0,5216.69,2025-05-25,Nagpur,Credit Card,2
ORD1381,Customer_218,T-Shirt,Fashion,955.91,4.0,0.0,3823.64,2025-01-13,Nagpur,Cash,2
ORD1382,Customer_231,Backpack,Accessories,2134.86,3.0,0.0,6404.58,2025-02-22,Nagpur,UPI,1
ORD1383,Customer_053,Desk,Furniture,10989.39,5.0,10.0,49452.26,2025-10-02,Pune,UPI,1
ORD1384,Customer_200,Backpack,Accessories,2202.04,2.0,10.0,,2025-02-23,Bengaluru,Cash,2
ORD1385,,Coffee Maker,Home Appliances,4153.6,4.0,5.0,15783.68,2025-01-22,Chennai,Cash,5
ORD1386,Customer_159,Shoes,Fashion,3464.33,2.0,5.0,6582.23,2025-10-17,Mumbai,Credit Card,3
ORD1387,Customer_250,Desk,Furniture,12895.12,1.0,0.0,12895.12,2025-12-15,Mumbai,Credit Card,1
ORD1388,Customer_172,Backpack,Accessories,2254.96,1.0,5.0,2142.21,2025-11-16,Hyderabad,Cash,3
ORD1389,Customer_162,Desk,Furniture,11496.84,3.0,10.0,31041.47,2025-04-10,Mumbai,Debit Card,5
ORD1390,Customer_145,Headphones,Electronics,2807.46,4.0,10.0,10106.86,2025-07-05,Nagpur,Credit Card,5
ORD1391,Customer_138,Laptop,Electronics,62097.82,1.0,10.0,55888.04,2025-06-24,Nagpur,Net Banking,5
ORD1392,Customer_011,Shoes,Fashion,3359.73,1.0,5.0,3191.74,2025-09-30,Bengaluru,UPI,1
ORD1393,Customer_042,Keyboard,Accessories,1786.72,3.0,10.0,4824.14,2025-04-11,Chennai,Cash,1
ORD1394,Customer_227,Headphones,Electronics,2468.27,2.0,10.0,4442.89,2025-08-24,Pune,Cash,1
ORD1395,Customer_130,Jeans,Fashion,,5.0,5.0,8335.82,2025-01-16,Pune,UPI,3
ORD1396,Customer_087,Mouse,Accessories,1002.64,1.0,15.0,852.24,2025-06-22,Hyderabad,Credit Card,1
ORD1397,Customer_028,Office Chair,Furniture,9598.56,,10.0,34554.82,2025-11-22,BENGALURU,Cash,5
ORD1398,Customer_235,T-Shirt,Fashion,957.57,1.0,15.0,813.93,2025-08-15,Hyderabad,UPI,1
ORD1399,Customer_053,Mouse,Accessories,976.14,5.0,5.0,4636.66,2025-03-15,Chennai,Net Banking,5
ORD1400,Customer_138,Mouse,Accessories,856.08,1.0,0.0,856.08,2025-06-12,Pune,Debit Card,1
ORD1401,Customer_228,T-Shirt,Fashion,925.69,5.0,5.0,4397.03,2025-07-07,Mumbai,UPI,4
ORD1402,Customer_186,Backpack,Accessories,2380.83,1.0,10.0,2142.75,2025-10-10,Chennai,Net Banking,2
ORD1403,Customer_134,Shoes,Fashion,3087.28,1.0,0.0,3087.28,2025-08-12,Hyderabad,UPI,1
ORD1404,Customer_012,Backpack,Accessories,2211.85,4.0,10.0,7962.66,2025-01-16,Delhi,Net Banking,4
ORD1405,Customer_075,Jeans,Fashion,2056.06,3.0,0.0,6168.18,2025-09-21,Pune,UPI,5
ORD1406,Customer_157,Mouse,Accessories,806.13,3.0,10.0,2176.55,2025-04-08,Mumbai,Cash,5
ORD1407,Customer_090,Mixer,Home Appliances,3037.7,4.0,0.0,12150.8,2025-04-14,Pune,Net Banking,4
ORD1408,Customer_017,Smartphone,Electronics,29214.57,4.0,15.0,99329.54,2025-02-28,Mumbai,Cash,2
ORD1409,Customer_083,Desk,Furniture,12440.69,2.0,5.0,23637.31,2025-09-24,Hyderabad,Net Banking,4
ORD1410,Customer_049,Mixer,Home Appliances,3147.08,3.0,5.0,8969.18,2025-06-24,Bengaluru,Cash,1
ORD1411,Customer_114,Mixer,Home Appliances,3038.66,2.0,10.0,5469.59,2025-01-05,Bengaluru,Cash,1
ORD1412,Customer_155,Shoes,Fashion,2762.78,1.0,20.0,2210.22,2025-08-14,Nagpur,Net Banking,2
ORD1413,Customer_046,Keyboard,Accessories,2049.65,2.0,10.0,3689.37,2025-08-11,Chennai,Debit Card,5
ORD1414,Customer_209,Office Chair,Furniture,7758.42,3.0,10.0,20947.73,2025-08-28,Delhi,Net Banking,2
ORD1415,Customer_016,Shoes,Fashion,3096.18,4.0,20.0,9907.78,2025-03-09,Delhi,Cash,3
ORD1416,Customer_089,Monitor,Electronics,14094.67,4.0,5.0,53559.75,2025-10-01,Delhi,Credit Card,2
ORD1417,Customer_125,Mouse,Accessories,816.33,3.0,10.0,2204.09,2025-12-20,Pune,Debit Card,3
ORD1418,Customer_141,Keyboard,Accessories,2044.56,2.0,15.0,3475.75,2025-12-28,Chennai,Cash,1
ORD1419,Customer_242,Shoes,Fashion,,3.0,20.0,8063.86,2025-12-08,Hyderabad,Cash,1
ORD1420,Customer_156,Keyboard,Accessories,1534.88,5.0,5.0,7290.68,2025-09-12,Delhi,Net Banking,2
ORD1421,Customer_155,T-Shirt,Fashion,813.03,3.0,5.0,2317.14,2025-12-15,Delhi,Cash,5
ORD1422,,Jeans,Fashion,1593.99,1.0,0.0,1593.99,2025-06-04,Mumbai,Debit Card,1
ORD1423,Customer_148,Desk,Furniture,12939.63,1.0,10.0,11645.67,2025-04-27,Chennai,Debit Card,3
ORD1424,Customer_018,Laptop,Electronics,54082.03,2.0,5.0,102755.86,2025-06-22,Bengaluru,Net Banking,4
ORD1425,Customer_001,Keyboard,Accessories,1723.63,4.0,15.0,5860.34,2025-02-27,Mumbai,Net Banking,4
ORD1426,Customer_105,Smartwatch,Electronics,5578.66,3.0,0.0,16735.98,2025-07-12,Pune,Credit Card,5
ORD1427,Customer_056,Desk,Furniture,13621.65,5.0,10.0,61297.42,2025-05-29,Delhi,Cash,2
ORD1428,Customer_247,Headphones,Electronics,2336.87,4.0,5.0,8880.11,2025-11-23,Mumbai,Net Banking,5
ORD1429,Customer_242,Coffee Maker,Home Appliances,4553.26,2.0,15.0,7740.54,2025-04-26,Hyderabad,Net Banking,1
ORD1430,Customer_219,Headphones,Electronics,2570.35,4.0,10.0,9253.26,2025-11-20,Mumbai,Debit Card,5
ORD1431,Customer_189,Laptop,Electronics,53505.3,3.0,15.0,136438.52,2025-06-13,Mumbai,Net Banking,2
ORD1432,Customer_181,Smartwatch,Electronics,5820.61,1.0,5.0,5529.58,2025-09-05,Bengaluru,Net Banking,5
ORD1433,Customer_249,Mixer,Home Appliances,3109.26,1.0,0.0,3109.26,2025-07-07,chennai,Net Banking,1
ORD1434,Customer_003,Monitor,Electronics,-500.0,5.0,5.0,60526.16,2025-06-28,Chennai,Cash,4
ORD1435,Customer_197,T-Shirt,Fashion,825.56,4.0,10.0,2972.02,2025-12-09,Mumbai,Credit Card,5
ORD1436,Customer_126,Desk,Furniture,11110.13,3.0,0.0,33330.39,2025-02-16,Chennai,Cash,5
ORD1437,Customer_247,Mouse,Accessories,924.47,1.0,5.0,878.25,2025-10-14,Mumbai,Credit Card,3
ORD1438,Customer_224,Smartphone,Electronics,30357.31,1.0,5.0,28839.44,2025-01-10,Chennai,UPI,1
ORD1439,Customer_101,Smartwatch,Electronics,7375.96,1.0,0.0,7375.96,2025-04-12,Pune,UPI,1
ORD1440,Customer_194,Headphones,Electronics,2401.96,1.0,5.0,2281.86,2025-04-14,Nagpur,Debit Card,1
ORD1441,Customer_081,Mixer,Home Appliances,3704.33,5.0,15.0,15743.4,2025-09-08,Pune,Net Banking,1
ORD1442,Customer_003,Jeans,Fashion,1645.23,4.0,20.0,5264.74,12/03/2025,Nagpur,UPI,4
ORD1443,Customer_218,Mixer,Home Appliances,3432.09,1.0,5.0,3260.49,2025-09-28,Bengaluru,Cash,2
ORD1444,Customer_078,Laptop,Electronics,47165.69,4.0,0.0,188662.76,2025-11-10,Pune,Credit Card,5
ORD1445,Customer_134,Backpack,Accessories,2025.08,3.0,10.0,5467.72,2025-06-17,Delhi,Net Banking,1
ORD1446,Customer_190,Keyboard,Accessories,1917.97,5.0,20.0,7671.88,2025-05-27,Bengaluru,Debit Card,3
ORD1447,Customer_002,Monitor,Electronics,15296.92,4.0,10.0,55068.91,2025-01-22,Delhi,UPI,5
ORD1448,,Office Chair,Furniture,7863.69,3.0,15.0,20052.41,2025-03-24,Delhi,Credit Card,4
ORD1449,Customer_053,Office Chair,Furniture,-500.0,1.0,0.0,7357.18,2025-11-27,Hyderabad,Debit Card,4
ORD1450,Customer_078,Laptop,Electronics,62177.41,5.0,10.0,279798.35,2025-03-10,Chennai,Debit Card,1
ORD1451,Customer_197,Coffee Maker,Home Appliances,3675.74,1.0,10.0,3308.17,2025-02-16,Nagpur,Cash,1
ORD1452,Customer_221,Jeans,Fashion,1953.83,3.0,15.0,4982.27,2025-09-05,Bengaluru,Net Banking,2
ORD1453,Customer_062,Mixer,Home Appliances,3428.62,1.0,0.0,3428.62,2025-06-06,Mumbai,UPI,2
ORD1454,Customer_197,Mouse,Accessories,912.9,4.0,5.0,3469.02,2025-03-23,Mumbai,Cash,1
ORD1455,Customer_131,Laptop,Electronics,52467.65,4.0,0.0,209870.6,2025-09-23,Mumbai,UPI,3
ORD1456,Customer_154,Smartphone,Electronics,26214.68,2.0,10.0,47186.42,2025-10-22,Delhi,Net Banking,4
ORD1457,Customer_084,Shoes,Fashion,3133.16,4.0,10.0,11279.38,2025-11-18,Chennai,Net Banking,2
ORD1458,Customer_225,Mouse,Accessories,1025.55,3.0,10.0,2768.98,18-12-2025,Chennai,UPI,3
ORD1459,Customer_065,Smartwatch,Electronics,6011.57,2.0,15.0,10219.67,03/24/2025,Mumbai,UPI,2
ORD1460,Customer_123,Keyboard,Accessories,2040.16,3.0,15.0,5202.41,2025-09-05,Chennai,Cash,2
ORD1461,Customer_045,Coffee Maker,Home Appliances,4426.94,,10.0,15936.98,2025-03-09,Nagpur,UPI,1
ORD1462,Customer_237,Smartwatch,Electronics,7357.32,,5.0,13978.91,2025-02-15,Mumbai,UPI,2
ORD1463,Customer_085,Smartphone,Electronics,30039.73,2.0,0.0,60079.46,2025-05-07,Pune,Cash,4
ORD1464,Customer_248,Jeans,Fashion,1806.87,3.0,0.0,5420.61,2025-12-14,Pune,Debit Card,1
ORD1465,Customer_039,Desk,Furniture,11071.28,4.0,0.0,44285.12,2025-09-02,Nagpur,Cash,1
ORD1466,Customer_040,Desk,Furniture,10256.93,3.0,0.0,30770.79,2025-07-22,Hyderabad,Credit Card,3
ORD1467,Customer_094,Coffee Maker,Home Appliances,4334.48,3.0,,11703.1,2025-10-31,Nagpur,Credit Card,2
ORD1468,Customer_077,Mouse,Accessories,868.49,4.0,20.0,2779.17,2025-06-23,Delhi,Credit Card,1
ORD1469,Customer_209,Backpack,Accessories,2357.03,3.0,15.0,6010.43,2025-03-14,Hyderabad,Debit Card,1
ORD1470,Customer_037,Backpack,Accessories,2047.44,4.0,20.0,6551.81,2025-05-17,Mumbai,Debit Card,5
ORD1471,Customer_230,Smartphone,Electronics,29094.08,3.0,10.0,78554.02,2025-06-17,Bengaluru,Credit Card,4
ORD1472,Customer_063,Shoes,Fashion,3618.83,4.0,5.0,13751.55,2025-05-30,Delhi,Credit Card,1
ORD1473,Customer_088,Jeans,Fashion,1692.56,5.0,5.0,8039.66,2025-11-20,Bengaluru,UPI,3
ORD1474,Customer_038,Coffee Maker,Home Appliances,3584.48,1.0,5.0,3405.26,2025-12-07,Hyderabad,Net Banking,1
ORD1475,Customer_109,Monitor,Electronics,15858.63,2.0,15.0,26959.67,2025-10-30,Bengaluru,Debit Card,3
ORD1476,Customer_027,Smartwatch,Electronics,6088.92,4.0,20.0,19484.54,2025-11-08,Mumbai,UPI,5
ORD1477,Customer_237,Jeans,Fashion,1721.05,4.0,15.0,5851.57,2025-11-07,Chennai,Net Banking,4
ORD1478,Customer_080,Coffee Maker,Home Appliances,4016.58,2.0,5.0,7631.5,2025-04-07,Pune,Net Banking,5
ORD1479,Customer_150,Desk,Furniture,10479.51,5.0,10.0,47157.8,2025-04-28,Hyderabad,Credit Card,1
ORD1480,Customer_127,T-Shirt,Fashion,996.87,3.0,5.0,2841.08,2025-08-02,Pune,Net Banking,5
ORD1481,Customer_151,Backpack,Accessories,1988.31,4.0,0.0,7953.24,2025-02-14,Pune,Net Banking,2
ORD1482,Customer_246,Keyboard,Accessories,1925.5,2.0,5.0,3658.45,2025-10-16,Chennai,UPI,3
ORD1483,Customer_115,Monitor,Electronics,15602.98,2.0,5.0,29645.66,2025-06-11,Pune,Credit Card,4
ORD1484,Customer_126,Shoes,Fashion,2955.54,3.0,5.0,8423.29,06/01/2025,Delhi,Net Banking,1
ORD1485,Customer_074,Mixer,Home Appliances,3766.56,1.0,10.0,3389.9,2025-06-24,Mumbai,UPI,5
ORD1486,Customer_162,Smartphone,Electronics,26551.44,5.0,15.0,112843.62,2025-04-03,NAGPUR,Net Banking,1
ORD1487,Customer_088,Keyboard,Accessories,1593.29,5.0,5.0,7568.13,2025-10-09,Pune,Net Banking,5
ORD1488,Customer_053,Monitor,Electronics,15661.83,2.0,10.0,28191.29,2025-07-12,Pune,UPI,3
ORD1489,Customer_117,Desk,Furniture,12623.69,3.0,10.0,34083.96,2025-10-09,Bengaluru,UPI,4
ORD1490,Customer_086,Desk,Furniture,12128.36,,5.0,11521.94,2025-12-02,Pune,Debit Card,4
ORD1491,Customer_194,Headphones,Electronics,2339.13,5.0,0.0,11695.65,2025-09-28,Delhi,Debit Card,5
ORD1492,Customer_048,Coffee Maker,Home Appliances,4058.66,2.0,20.0,6493.86,2025-07-13,Chennai,Cash,1
ORD1493,,Office Chair,Furniture,9693.57,4.0,10.0,34896.85,2025-06-22,Mumbai,Credit Card,5
ORD1494,Customer_123,Jeans,Fashion,2064.18,4.0,,6605.38,2025-08-22,Hyderabad,Debit Card,3
ORD1495,Customer_132,Headphones,Electronics,2387.89,3.0,10.0,6447.3,2025-03-01,BENGALURU,Debit Card,2
ORD1496,Customer_130,Mixer,Home Appliances,3719.2,3.0,5.0,10599.72,2025-03-03,Pune,UPI,4
ORD1497,Customer_048,Mixer,Home Appliances,3819.72,5.0,0.0,19098.6,2025-05-16,Pune,Credit Card,2
ORD1498,Customer_099,Keyboard,Accessories,1811.38,2.0,15.0,3079.35,2025-07-30,Bengaluru,Net Banking,3
ORD1499,Customer_186,Backpack,Accessories,2307.24,4.0,5.0,8767.51,2025-08-03,Nagpur,Debit Card,5
ORD1500,Customer_062,Monitor,Electronics,15634.34,5.0,10.0,70354.53,2025-11-28,Mumbai,Net Banking,5
ORD1501,Customer_237,Shoes,Fashion,2980.1,3.0,0.0,8940.3,2025-04-04,Chennai,Cash,2
ORD1502,Customer_178,T-Shirt,Fashion,966.35,1.0,10.0,869.72,2025-12-12,Nagpur,Credit Card,1
ORD1503,Customer_222,Coffee Maker,Home Appliances,4442.37,3.0,20.0,10661.69,2025-03-02,Pune,Net Banking,4
ORD1504,Customer_135,Keyboard,Accessories,1905.11,5.0,10.0,8572.99,2025-10-05,Mumbai,Net Banking,4
ORD1505,Customer_084,Backpack,Accessories,2518.98,4.0,15.0,8564.53,2025-07-23,Pune,Cash,1
ORD1506,Customer_163,Keyboard,Accessories,1670.17,5.0,15.0,7098.22,2025-03-20,Hyderabad,Cash,2
ORD1507,Customer_157,Mouse,Accessories,880.83,3.0,10.0,2378.24,14-04-2025,Hyderabad,Credit Card,2
ORD1508,Customer_176,Office Chair,Furniture,7859.97,5.0,0.0,39299.85,2025-01-27,Bengaluru,Cash,3
ORD1509,Customer_109,Jeans,Fashion,1934.02,5.0,15.0,8219.59,2025-12-13,Delhi,Net Banking,5
ORD1510,Customer_243,Laptop,Electronics,62609.13,3.0,5.0,178436.02,2025-10-31,Hyderabad,Debit Card,2
ORD1511,Customer_003,Laptop,Electronics,59327.99,3.0,0.0,177983.97,2025-07-27,Hyderabad,Net Banking,5
ORD1512,Customer_127,Monitor,Electronics,13540.49,4.0,20.0,43329.57,2025-01-19,Delhi,Credit Card,2
ORD1513,Customer_087,Jeans,Fashion,1740.18,4.0,10.0,6264.65,2025-05-19,Chennai,Credit Card,4
ORD1514,Customer_012,Keyboard,Accessories,1871.86,5.0,20.0,7487.44,2025-02-19,Bengaluru,UPI,2
ORD1515,Customer_189,Smartwatch,Electronics,7357.87,3.0,20.0,17658.89,04-06-2025,Nagpur,Credit Card,3
ORD1516,Customer_089,Keyboard,Accessories,1871.09,1.0,10.0,1683.98,2025-07-01,Mumbai,Debit Card,1
ORD1517,Customer_242,Backpack,Accessories,2265.54,4.0,0.0,9062.16,2025-07-28,Hyderabad,Credit Card,4
ORD1518,Customer_012,Smartphone,Electronics,30344.46,,10.0,81930.04,2025-10-23,Chennai,Cash,3
ORD1519,Customer_037,T-Shirt,Fashion,896.89,5.0,0.0,4484.45,2025-08-18,Mumbai,Cash,2
ORD1520,Customer_008,Shoes,Fashion,3289.13,3.0,0.0,9867.39,2025-01-29,Mumbai,UPI,4
ORD1521,Customer_045,Smartwatch,Electronics,6005.26,3.0,0.0,18015.78,2025-08-27,Delhi,Net Banking,1
ORD1522,Customer_239,Headphones,Electronics,2275.41,5.0,15.0,9670.49,2025-08-11,Nagpur,UPI,5
ORD1523,Customer_119,Coffee Maker,Home Appliances,3731.2,4.0,0.0,14924.8,2025-09-25,Pune,UPI,2
ORD1524,Customer_071,Coffee Maker,Home Appliances,3955.62,3.0,15.0,10086.83,2025-12-30,Mumbai,Credit Card,3
ORD1525,Customer_015,Smartwatch,Electronics,5632.68,2.0,0.0,11265.36,2025-03-25,Delhi,Net Banking,1
ORD1526,Customer_104,Office Chair,Furniture,7516.8,4.0,5.0,28563.84,2025-04-20,Hyderabad,Cash,2
ORD1527,Customer_224,Backpack,Accessories,2111.29,4.0,10.0,7600.64,2025-02-05,Hyderabad,Credit Card,4
ORD1528,Customer_011,Mixer,Home Appliances,3790.64,2.0,15.0,6444.09,2025-10-29,Chennai,Net Banking,2
ORD1529,,Office Chair,Furniture,7999.24,3.0,0.0,23997.72,2025-12-09,Pune,UPI,2
ORD1530,Customer_009,Desk,Furniture,12774.67,5.0,5.0,60679.68,2025-10-05,Hyderabad,UPI,2
ORD1531,Customer_015,Headphones,Electronics,2868.83,1.0,15.0,2438.51,2025-11-15,Nagpur,Net Banking,1
ORD1532,Customer_082,Desk,Furniture,13585.51,2.0,0.0,27171.02,2025-11-29,Pune,Cash,4
ORD1533,Customer_018,Mouse,Accessories,991.32,1.0,15.0,842.62,2025-10-22,Bengaluru,Debit Card,1
ORD1534,,Coffee Maker,Home Appliances,4708.16,5.0,20.0,18832.64,2025-03-18,Pune,Cash,2
ORD1535,Customer_072,Coffee Maker,Home Appliances,4382.38,4.0,20.0,14023.62,2025-10-08,Hyderabad,Debit Card,4
ORD1536,,Keyboard,Accessories,1680.47,4.0,5.0,6385.79,2025-08-14,Chennai,Net Banking,1
ORD1537,Customer_187,Mouse,Accessories,866.13,3.0,20.0,2078.71,2025-03-17,Pune,Debit Card,5
ORD1538,Customer_169,Mixer,Home Appliances,3329.53,4.0,10.0,11986.31,2025-10-14,Chennai,Net Banking,2
ORD1539,Customer_127,Smartwatch,Electronics,,4.0,0.0,24047.4,2025-04-24,Pune,Cash,4
ORD1540,Customer_143,Jeans,Fashion,1655.31,4.0,5.0,6290.18,2025-09-30,Mumbai,Credit Card,3
ORD1541,Customer_187,Jeans,Fashion,2040.12,3.0,0.0,6120.36,2025-09-26,Nagpur,Net Banking,1
ORD1542,Customer_145,T-Shirt,Fashion,970.36,2.0,15.0,1649.61,2025-10-13,Nagpur,Net Banking,2
ORD1543,Customer_213,Jeans,Fashion,1912.39,2.0,0.0,3824.78,2025-04-04,Hyderabad,UPI,3
ORD1544,Customer_223,Smartwatch,Electronics,6831.56,4.0,10.0,24593.62,2025-02-22,Nagpur,Cash,1
ORD1545,Customer_075,Desk,Furniture,11777.44,1.0,15.0,10010.82,2025-04-08,Pune,Cash,1
ORD1546,Customer_155,Jeans,Fashion,1590.26,1.0,0.0,1590.26,2025-07-09,Bengaluru,UPI,3
ORD1547,Customer_171,Office Chair,Furniture,7734.6,3.0,15.0,19723.23,2025-12-17,Pune,UPI,2
ORD1548,Customer_237,Jeans,Fashion,,2.0,5.0,3785.77,2025-07-11,Delhi,UPI,1
ORD1549,Customer_194,Headphones,Electronics,2438.94,1.0,5.0,2316.99,2025-03-04,Delhi,Cash,3
ORD1550,Customer_119,Laptop,Electronics,57530.83,4.0,15.0,195604.82,2025-10-20,Delhi,Cash,4
ORD1551,Customer_013,Mouse,Accessories,839.92,3.0,5.0,2393.77,2025-11-04,Mumbai,UPI,1
ORD1552,Customer_099,Smartwatch,Electronics,6739.24,3.0,5.0,19206.83,2025-08-26,Delhi,Cash,1
ORD1553,Customer_200,Monitor,Electronics,13342.22,1.0,20.0,10673.78,2025-07-27,Mumbai,Cash,4
ORD1554,Customer_119,Shoes,Fashion,2808.67,4.0,5.0,,2025-05-22,Hyderabad,UPI,2
ORD1555,Customer_148,Headphones,Electronics,2309.99,2.0,20.0,3695.98,2025-12-26,Mumbai,Debit Card,3
ORD1556,Customer_113,Office Chair,Furniture,9309.39,2.0,20.0,14895.02,2025-09-28,Delhi,Cash,1
ORD1557,Customer_178,Keyboard,Accessories,1664.71,2.0,15.0,2830.01,2025-12-06,Bengaluru,Cash,1
ORD1558,Customer_217,Mouse,Accessories,816.46,3.0,5.0,2326.91,2025-12-06,Pune,Cash,5
ORD1559,Customer_143,Coffee Maker,Home Appliances,4182.13,4.0,5.0,15892.09,2025-09-07,Chennai,Cash,1
ORD1560,Customer_113,Keyboard,Accessories,1845.15,2.0,10.0,3321.27,12/29/2025,Bengaluru,Cash,3
ORD1561,Customer_151,Smartphone,Electronics,24689.17,3.0,10.0,66660.76,2025-07-11,Delhi,Credit Card,2
ORD1562,Customer_005,Desk,Furniture,13593.57,3.0,15.0,34663.6,2025-08-25,Hyderabad,Net Banking,3
ORD1563,Customer_240,Jeans,Fashion,1845.94,5.0,0.0,9229.7,2025-01-02,Pune,Cash,3
ORD1564,Customer_090,Coffee Maker,Home Appliances,4657.97,4.0,0.0,18631.88,24-07-2025,DELHI,Net Banking,5
ORD1565,,Mouse,Accessories,879.36,1.0,0.0,879.36,2025-07-03,Nagpur,Credit Card,4
ORD1566,Customer_065,Desk,Furniture,12691.24,5.0,10.0,57110.58,2025-09-06,Nagpur,Credit Card,2
ORD1567,Customer_008,Keyboard,Accessories,1932.4,3.0,5.0,5507.34,2025-07-09,Nagpur,UPI,1
ORD1568,Customer_240,Mouse,Accessories,821.45,1.0,15.0,698.23,2025-03-19,Hyderabad,Debit Card,5
ORD1569,Customer_159,Mixer,Home Appliances,3839.8,3.0,15.0,9791.49,2025-09-02,Delhi,Cash,5
ORD1570,Customer_047,Mouse,Accessories,785.67,1.0,10.0,707.1,2025-01-05,Mumbai,Cash,3
ORD1571,Customer_206,Smartphone,Electronics,31957.67,1.0,20.0,25566.14,2025-01-13,Nagpur,Cash,3
ORD1572,Customer_163,Mixer,Home Appliances,3960.41,4.0,10.0,14257.48,2025-04-10,Delhi,Credit Card,4
ORD1573,Customer_107,Office Chair,Furniture,8040.11,5.0,5.0,38190.52,2025-02-19,Pune,Debit Card,4
ORD1574,Customer_239,Jeans,Fashion,1817.1,5.0,0.0,9085.5,2025-11-20,Delhi,Cash,4
ORD1575,Customer_003,Jeans,Fashion,1648.85,5.0,10.0,7419.82,2025-09-03,Nagpur,Debit Card,1
ORD1576,Customer_234,Backpack,Accessories,2015.49,4.0,20.0,6449.57,2025-05-05,Pune,Debit Card,2
ORD1577,Customer_167,Mouse,Accessories,908.45,5.0,15.0,3860.91,2025-03-01,Mumbai,Debit Card,5
ORD1578,Customer_108,Backpack,Accessories,2419.73,2.0,0.0,4839.46,2025-01-04,Hyderabad,Credit Card,2
ORD1579,Customer_212,Mixer,Home Appliances,3483.22,1.0,5.0,3309.06,2025-01-06,Delhi,Debit Card,2
ORD1580,Customer_081,Shoes,Fashion,3404.33,4.0,5.0,12936.45,2025-10-24,Delhi,Net Banking,3
ORD1581,Customer_234,Mouse,Accessories,800.75,3.0,5.0,2282.14,2025-01-03,Pune,Cash,4
ORD1582,Customer_233,Backpack,Accessories,2173.37,2.0,0.0,4346.74,2025-11-25,Nagpur,Credit Card,3
ORD1583,Customer_030,Jeans,Fashion,1650.25,4.0,10.0,5940.9,2025-10-08,Bengaluru,Credit Card,5
ORD1584,Customer_234,Office Chair,Furniture,8291.27,1.0,15.0,7047.58,2025-11-10,Chennai,UPI,1
ORD1585,Customer_203,Coffee Maker,Home Appliances,3771.13,2.0,0.0,7542.26,2025-01-11,Hyderabad,Net Banking,5
ORD1586,Customer_042,Backpack,Accessories,1959.4,2.0,20.0,3135.04,2025-02-23,Delhi,Debit Card,1
ORD1587,Customer_144,Headphones,Electronics,2419.67,5.0,10.0,10888.52,2025-09-19,Pune,Cash,3
ORD1588,Customer_077,Mixer,Home Appliances,3235.27,2.0,10.0,5823.49,2025-09-03,Mumbai,Credit Card,3
ORD1589,Customer_043,Shoes,Fashion,3401.06,4.0,5.0,12924.03,2025-01-17,Nagpur,Net Banking,1
ORD1590,Customer_036,Office Chair,Furniture,7886.44,5.0,0.0,39432.2,2025-10-11,Chennai,Net Banking,4
ORD1591,,Keyboard,Accessories,1575.1,2.0,10.0,2835.18,2025-05-04,Hyderabad,Net Banking,5
ORD1592,Customer_106,Headphones,Electronics,2488.29,4.0,0.0,9953.16,2025-01-21,Hyderabad,Debit Card,4
ORD1593,Customer_224,Jeans,Fashion,1610.59,4.0,5.0,6120.24,2025-09-29,Mumbai,Net Banking,4
ORD1594,Customer_062,Coffee Maker,Home Appliances,4063.81,2.0,0.0,8127.62,2025-08-09,Bengaluru,Cash,4
ORD1595,Customer_070,Mixer,Home Appliances,3287.15,3.0,5.0,9368.38,2025-04-26,Nagpur,UPI,4
ORD1596,Customer_148,Desk,Furniture,12164.1,2.0,5.0,23111.79,2025-12-09,Chennai,Debit Card,5
ORD1597,Customer_077,Mouse,Accessories,946.24,5.0,20.0,3784.96,2025-10-25,Pune,Credit Card,4
ORD1598,Customer_189,Headphones,Electronics,2251.8,3.0,10.0,6079.86,2025-12-05,Nagpur,Net Banking,2
ORD1599,Customer_216,Shoes,Fashion,3114.74,2.0,10.0,5606.53,2025-09-30,Chennai,Net Banking,3
ORD1600,Customer_154,Office Chair,Furniture,9324.35,5.0,15.0,39628.49,2025-11-02,Bengaluru,UPI,1
ORD1601,Customer_181,Shoes,Fashion,3672.28,1.0,10.0,3305.05,2025-04-16,Nagpur,Credit Card,2
ORD1602,Customer_040,Office Chair,Furniture,8529.68,3.0,0.0,25589.04,2025-11-02,Delhi,Debit Card,5
ORD1603,Customer_182,Headphones,Electronics,2368.25,2.0,15.0,4026.02,2025-11-01,Mumbai,Cash,4
ORD1604,Customer_042,Mouse,Accessories,803.72,5.0,5.0,3817.67,2025-10-23,Pune,Net Banking,1
ORD1605,Customer_237,Mouse,Accessories,824.05,5.0,10.0,3708.22,2025-01-22,PUNE,Cash,2
ORD1606,Customer_089,Shoes,Fashion,2828.9,2.0,0.0,5657.8,2025-11-18,Bengaluru,UPI,4
ORD1607,Customer_020,Monitor,Electronics,11957.47,1.0,5.0,11359.6,02/08/2025,Bengaluru,Credit Card,1
ORD1608,Customer_057,Headphones,Electronics,2536.11,3.0,10.0,6847.5,2025-03-19,Mumbai,Net Banking,4
ORD1609,Customer_149,Keyboard,Accessories,1841.52,5.0,0.0,9207.6,2025-04-20,Chennai,Net Banking,2
ORD1610,Customer_248,Office Chair,Furniture,8094.44,2.0,5.0,15379.44,2025-02-05,Hyderabad,Cash,5
ORD1611,Customer_148,Smartwatch,Electronics,6705.69,1.0,15.0,5699.84,2025-01-18,Chennai,Debit Card,5
ORD1612,Customer_104,Shoes,Fashion,2798.4,5.0,10.0,12592.8,2025-08-31,Chennai,Cash,1
ORD1613,Customer_032,Jeans,Fashion,1982.12,5.0,5.0,9415.07,2025-01-15,Bengaluru,UPI,1
ORD1614,Customer_027,Mouse,Accessories,1012.97,2.0,5.0,1924.64,2025-12-09,Delhi,Debit Card,1
ORD1615,Customer_110,Keyboard,Accessories,1914.55,1.0,10.0,1723.1,2025-07-09,Nagpur,Net Banking,3
ORD1616,Customer_153,Smartwatch,Electronics,6628.2,1.0,10.0,5965.38,2025-04-05,Chennai,Credit Card,5
ORD1617,Customer_129,Keyboard,Accessories,1739.91,1.0,5.0,1652.91,2025-07-31,Bengaluru,Debit Card,3
ORD1618,Customer_195,Jeans,Fashion,1577.33,3.0,,4022.19,2025-07-12,Nagpur,Credit Card,5
ORD1619,Customer_070,Mixer,Home Appliances,3309.22,2.0,10.0,5956.6,2025-01-08,Hyderabad,Debit Card,1
ORD1620,Customer_204,Headphones,Electronics,2678.88,5.0,10.0,12054.96,2025-07-31,Hyderabad,Cash,1
ORD1621,Customer_173,Backpack,Accessories,2446.09,3.0,10.0,6604.44,2025-06-20,Hyderabad,Net Banking,4
ORD1622,Customer_109,Desk,Furniture,11224.35,4.0,5.0,42652.53,2025-12-08,Delhi,Debit Card,4
ORD1623,Customer_043,Office Chair,Furniture,9681.87,3.0,5.0,27593.33,2025-03-18,Bengaluru,UPI,4
ORD1624,Customer_223,Office Chair,Furniture,7370.42,3.0,10.0,19900.13,2025-09-24,Mumbai,Credit Card,3
ORD1625,Customer_134,Shoes,Fashion,2759.92,3.0,5.0,7865.77,2025-08-18,Pune,Credit Card,4
ORD1626,Customer_175,Laptop,Electronics,62871.02,3.0,0.0,188613.06,2025-09-20,Delhi,Net Banking,4
ORD1627,Customer_117,Desk,Furniture,12721.55,4.0,5.0,48341.89,2025-02-15,Hyderabad,UPI,5
ORD1628,Customer_004,Desk,Furniture,13199.54,1.0,20.0,10559.63,2025-03-16,Pune,Credit Card,3
ORD1629,Customer_028,T-Shirt,Fashion,1017.38,5.0,0.0,5086.9,2025-08-23,Nagpur,UPI,2
ORD1630,Customer_014,Desk,Furniture,10423.33,3.0,0.0,31269.99,2025-11-30,Delhi,Cash,1
ORD1631,Customer_079,Headphones,Electronics,2463.8,4.0,5.0,9362.44,2025-04-20,Pune,Debit Card,2
ORD1632,Customer_064,Shoes,Fashion,3353.3,-1.0,5.0,12742.54,2025-03-28,Pune,Credit Card,1
ORD1633,Customer_135,Smartphone,Electronics,25460.17,2.0,5.0,48374.32,2025-11-02,Chennai,Debit Card,4
ORD1634,Customer_004,Laptop,Electronics,48842.6,5.0,10.0,219791.7,2025-05-12,Delhi,Credit Card,4
ORD1635,Customer_035,Laptop,Electronics,47442.41,2.0,15.0,80652.1,2025-01-08,Hyderabad,Debit Card,4
ORD1636,Customer_078,Smartphone,Electronics,28251.75,3.0,10.0,76279.73,26-05-2025,Bengaluru,Cash,5
ORD1637,Customer_165,Headphones,Electronics,2238.58,3.0,5.0,6379.95,2025-01-17,Nagpur,Credit Card,1
ORD1638,Customer_012,Smartwatch,Electronics,5916.5,3.0,15.0,15087.08,2025-08-10,Bengaluru,Credit Card,2
ORD1639,Customer_186,Keyboard,Accessories,1635.41,5.0,0.0,8177.05,2025-12-12,Nagpur,Credit Card,5
ORD1640,Customer_095,Mouse,Accessories,959.96,3.0,10.0,2591.89,2025-09-11,Hyderabad,UPI,2
ORD1641,Customer_155,Laptop,Electronics,49210.82,4.0,20.0,157474.62,2025-09-03,Hyderabad,Cash,5
ORD1642,Customer_180,Laptop,Electronics,56103.73,5.0,5.0,266492.72,2025-06-21,Chennai,Credit Card,3
ORD1643,Customer_186,Backpack,Accessories,2465.59,4.0,15.0,8383.01,2025-12-30,Delhi,Credit Card,3
ORD1644,Customer_093,Smartwatch,Electronics,5913.85,,5.0,22472.63,2025-01-22,Mumbai,Cash,2
ORD1645,Customer_144,Desk,Furniture,11803.39,-1.0,5.0,56066.1,2025-12-17,Chennai,Cash,4
ORD1646,Customer_150,Headphones,Electronics,,1.0,0.0,2594.24,2025-08-03,Hyderabad,Credit Card,5
ORD1647,Customer_157,Shoes,Fashion,2937.7,2.0,0.0,5875.4,2025-05-03,Nagpur,Debit Card,3
ORD1648,Customer_111,Monitor,Electronics,12749.63,3.0,0.0,38248.89,2025-10-21,Hyderabad,Net Banking,3
ORD1649,Customer_132,Headphones,Electronics,2412.09,2.0,0.0,4824.18,2025-06-28,Hyderabad,Debit Card,5
ORD1650,Customer_009,Office Chair,Furniture,8688.36,5.0,20.0,34753.44,2025-11-12,Chennai,Net Banking,5
ORD1651,Customer_152,Desk,Furniture,13503.15,2.0,0.0,27006.3,2025-04-23,Hyderabad,Cash,1
ORD1652,Customer_012,Monitor,Electronics,15873.08,1.0,0.0,,2025-12-11,Pune,Cash,2
ORD1653,Customer_023,Coffee Maker,Home Appliances,4223.39,1.0,0.0,4223.39,2025-06-20,Chennai,Net Banking,3
ORD1654,Customer_028,Desk,Furniture,10713.2,5.0,0.0,53566.0,2025-05-26,Delhi,Cash,1
ORD1655,Customer_137,T-Shirt,Fashion,938.29,3.0,15.0,2392.64,2025-08-20,Bengaluru,Cash,1
ORD1656,Customer_154,Smartwatch,Electronics,5870.31,2.0,0.0,11740.62,2025-01-06,Nagpur,Net Banking,5
ORD1657,Customer_066,Keyboard,Accessories,1582.36,2.0,15.0,2690.01,2025-10-28,Mumbai,Cash,5
ORD1658,Customer_231,Smartphone,Electronics,29073.06,3.0,15.0,74136.3,2025-11-05,Mumbai,Net Banking,4
ORD1659,Customer_214,Office Chair,Furniture,8243.3,3.0,10.0,22256.91,2025-05-31,Chennai,Debit Card,2
ORD1660,Customer_033,T-Shirt,Fashion,962.33,4.0,,3464.39,2025-01-28,Delhi,Cash,5
ORD1661,Customer_127,Coffee Maker,Home Appliances,3645.12,2.0,15.0,6196.7,2025-06-17,Chennai,Net Banking,4
ORD1662,Customer_188,Mouse,Accessories,780.98,4.0,10.0,2811.53,2025-06-22,Chennai,Cash,5
ORD1663,Customer_134,Monitor,Electronics,15709.58,1.0,5.0,14924.1,2025-05-31,Delhi,Debit Card,3
ORD1664,Customer_087,Backpack,Accessories,2258.75,5.0,10.0,10164.38,13-08-2025,Hyderabad,UPI,3
ORD1665,Customer_179,Jeans,Fashion,1651.29,3.0,15.0,4210.79,2025-06-19,Nagpur,Credit Card,4
ORD1666,Customer_057,Shoes,Fashion,2970.72,1.0,10.0,2673.65,2025-10-14,Hyderabad,Credit Card,5
ORD1667,Customer_117,Jeans,Fashion,1767.89,4.0,5.0,6717.98,2025-04-02,Pune,Cash,1
ORD1668,Customer_075,Smartphone,Electronics,26220.75,2.0,5.0,49819.42,2025-09-06,Hyderabad,Net Banking,3
ORD1669,Customer_099,Coffee Maker,Home Appliances,3701.89,3.0,0.0,11105.67,2025-08-13,Delhi,Credit Card,1
ORD1670,Customer_001,Smartwatch,Electronics,6319.36,5.0,5.0,30016.96,02-06-2025,Hyderabad,UPI,4
ORD1671,Customer_221,Coffee Maker,Home Appliances,4297.17,1.0,5.0,4082.31,2025-07-30,Pune,Debit Card,1
ORD1672,Customer_236,Laptop,Electronics,52152.45,1.0,5.0,49544.83,2025-12-26,Nagpur,Credit Card,2
ORD1673,Customer_096,Desk,Furniture,12198.48,5.0,5.0,57942.78,2025-12-27,Delhi,Credit Card,2
ORD1674,Customer_244,Coffee Maker,Home Appliances,4470.77,2.0,5.0,8494.46,2025-11-25,nagpur,Cash,1
ORD1675,Customer_143,Jeans,Fashion,1961.27,4.0,5.0,7452.83,2025-04-09,Pune,Cash,5
ORD1676,Customer_093,Backpack,Accessories,2307.29,2.0,15.0,3922.39,2025-01-13,Bengaluru,Credit Card,5
ORD1677,Customer_240,Monitor,Electronics,12775.28,1.0,15.0,10858.99,2025-07-10,Chennai,UPI,5
ORD1678,Customer_164,Shoes,Fashion,2931.83,5.0,0.0,14659.15,2025-05-21,Bengaluru,Net Banking,2
ORD1679,Customer_246,T-Shirt,Fashion,969.67,4.0,10.0,3490.81,2025-11-08,Bengaluru,Net Banking,5
ORD1680,Customer_089,Coffee Maker,Home Appliances,4041.17,5.0,15.0,17174.97,2025-10-14,Mumbai,Cash,4
ORD1681,Customer_122,Backpack,Accessories,1956.27,2.0,20.0,3130.03,2025-12-25,Bengaluru,Credit Card,3
ORD1682,Customer_192,Monitor,Electronics,12518.35,3.0,10.0,33799.55,2025-11-21,Delhi,Debit Card,4
ORD1683,Customer_217,Headphones,Electronics,2517.56,1.0,5.0,2391.68,2025-02-04,Nagpur,UPI,3
ORD1684,Customer_144,Mouse,Accessories,938.22,3.0,15.0,2392.46,2025-04-21,Chennai,Debit Card,2
ORD1685,Customer_191,T-Shirt,Fashion,926.99,3.0,15.0,2363.82,2025-06-22,Hyderabad,Debit Card,2
ORD1686,Customer_029,Smartphone,Electronics,26099.07,2.0,20.0,41758.51,2025-05-06,Pune,UPI,3
ORD1687,Customer_075,Monitor,Electronics,12923.0,2.0,0.0,25846.0,2025-06-15,Hyderabad,Debit Card,2
ORD1688,Customer_020,Keyboard,Accessories,1898.63,3.0,15.0,4841.51,2025-04-22,Chennai,Debit Card,1
ORD1689,Customer_131,Jeans,Fashion,1910.72,4.0,10.0,6878.59,2025-09-03,Hyderabad,Debit Card,1
ORD1690,Customer_123,Shoes,Fashion,,4.0,0.0,11716.0,2025-11-27,Mumbai,Net Banking,1
ORD1691,Customer_127,Smartphone,Electronics,27175.06,5.0,10.0,122287.77,2025-07-28,Delhi,Net Banking,3
ORD1692,Customer_191,Smartwatch,Electronics,7346.04,3.0,15.0,18732.4,2025-09-10,Hyderabad,UPI,4
ORD1693,Customer_206,Office Chair,Furniture,7580.08,2.0,5.0,,2025-12-01,Nagpur,Debit Card,2
ORD1694,Customer_205,Smartwatch,Electronics,5979.49,3.0,10.0,16144.62,2025-12-27,Mumbai,Net Banking,4
ORD1695,Customer_236,Laptop,Electronics,50405.03,2.0,5.0,95769.56,2025-11-30,Pune,Net Banking,2
ORD1696,Customer_192,Smartphone,Electronics,27501.59,5.0,0.0,137507.95,2025-09-10,Pune,Debit Card,2
ORD1697,Customer_093,Laptop,Electronics,54195.9,1.0,,48776.31,2025-12-06,Hyderabad,Net Banking,5
ORD1698,Customer_113,Mouse,Accessories,817.84,2.0,10.0,1472.11,2025-09-30,Mumbai,Credit Card,4
ORD1699,Customer_069,Keyboard,Accessories,1886.83,1.0,,1509.46,2025-03-10,Bengaluru,Debit Card,1
ORD1700,Customer_066,Keyboard,Accessories,1640.29,5.0,15.0,6971.23,2025-09-22,Delhi,Cash,2
ORD1701,Customer_018,Backpack,Accessories,2366.88,3.0,0.0,7100.64,2025-11-23,Pune,UPI,1
ORD1702,Customer_171,Office Chair,Furniture,8009.64,5.0,5.0,38045.79,2025-02-28,Pune,Cash,2
ORD1703,Customer_208,Desk,Furniture,12897.76,4.0,20.0,41272.83,2025-10-17,Nagpur,Credit Card,2
ORD1704,Customer_182,Office Chair,Furniture,7324.34,5.0,0.0,36621.7,2025-04-23,Hyderabad,Debit Card,5
ORD1705,Customer_243,Monitor,Electronics,15585.3,2.0,15.0,26495.01,2025-10-13,Mumbai,Credit Card,2
ORD1706,Customer_040,Smartwatch,Electronics,7453.24,2.0,20.0,11925.18,2025-03-11,Chennai,Credit Card,1
ORD1707,Customer_029,Smartwatch,Electronics,7459.66,4.0,15.0,25362.84,2025-11-30,Pune,Debit Card,4
ORD1708,Customer_020,Monitor,Electronics,12885.97,3.0,0.0,38657.91,2025-11-24,Pune,UPI,1
ORD1709,Customer_185,Office Chair,Furniture,8595.84,3.0,5.0,24498.14,2025-11-12,Delhi,Net Banking,3
ORD1710,Customer_098,Smartwatch,Electronics,7100.34,3.0,5.0,20235.97,2025-01-31,Chennai,Credit Card,2
ORD1711,Customer_184,Laptop,Electronics,51941.38,1.0,15.0,44150.17,2025-10-05,Delhi,Debit Card,1
ORD1712,Customer_052,T-Shirt,Fashion,770.6,2.0,0.0,,2025-12-07,Hyderabad,Net Banking,1
ORD1713,Customer_236,Headphones,Electronics,2482.39,5.0,15.0,10550.16,2025-03-02,chennai,Credit Card,4
ORD1714,Customer_187,Laptop,Electronics,60550.95,3.0,0.0,181652.85,2025-01-23,Nagpur,Cash,5
ORD1715,Customer_196,Backpack,Accessories,2202.45,2.0,5.0,4184.66,2025-07-25,Chennai,Debit Card,2
ORD1716,Customer_070,Monitor,Electronics,12715.95,1.0,10.0,11444.36,2025-05-30,Pune,Cash,1
ORD1717,Customer_146,Mouse,Accessories,796.92,2.0,0.0,1593.84,2025-02-14,Pune,Credit Card,5
ORD1718,Customer_207,Backpack,Accessories,2042.21,3.0,5.0,5820.3,2025-02-05,Hyderabad,Debit Card,1
ORD1719,Customer_087,Keyboard,Accessories,1606.25,2.0,0.0,3212.5,21-10-2025,Nagpur,Net Banking,2
ORD1720,Customer_169,Headphones,Electronics,2595.75,5.0,0.0,12978.75,2025-06-18,Nagpur,Debit Card,2
ORD1721,Customer_014,Mixer,Home Appliances,3823.68,1.0,5.0,3632.5,2025-06-29,Chennai,Credit Card,2
ORD1722,Customer_209,Smartphone,Electronics,29586.01,5.0,5.0,140533.55,2025-04-07,Mumbai,Debit Card,2
ORD1723,Customer_062,Headphones,Electronics,2607.1,1.0,10.0,2346.39,06/04/2025,Bengaluru,UPI,3
ORD1724,Customer_013,Smartphone,Electronics,27769.13,4.0,10.0,99968.87,2025-09-28,Pune,Cash,2
ORD1725,Customer_171,Laptop,Electronics,60835.3,1.0,10.0,54751.77,2025-04-27,Chennai,UPI,5
ORD1726,Customer_229,Office Chair,Furniture,7600.27,1.0,0.0,7600.27,2025-11-09,Mumbai,UPI,4
ORD1727,Customer_117,Coffee Maker,Home Appliances,4593.53,4.0,20.0,14699.3,2025-11-02,Chennai,Credit Card,3
ORD1728,,Keyboard,Accessories,1825.21,5.0,10.0,8213.44,2025-10-01,Mumbai,Cash,5
ORD1729,Customer_157,Jeans,Fashion,1707.03,1.0,15.0,1450.98,2025-08-11,Bengaluru,Credit Card,3
ORD1730,Customer_205,Smartwatch,Electronics,6662.1,3.0,0.0,19986.3,2025-03-20,Delhi,Cash,5
ORD1731,Customer_154,Backpack,Accessories,2360.98,4.0,5.0,8971.72,2025-06-03,Chennai,Cash,1
ORD1732,Customer_042,Smartphone,Electronics,30766.84,3.0,5.0,87685.49,2025-10-02,Pune,Cash,1
ORD1733,Customer_055,T-Shirt,Fashion,984.19,,5.0,2804.94,2025-06-03,Delhi,Cash,4
ORD1734,Customer_189,Keyboard,Accessories,,4.0,,6306.15,2025-11-06,Chennai,UPI,1
ORD1735,Customer_231,Desk,Furniture,11646.75,2.0,10.0,20964.15,2025-12-14,Chennai,Cash,1
ORD1736,Customer_161,Coffee Maker,Home Appliances,4257.58,2.0,10.0,7663.64,2025-01-26,Pune,Net Banking,4
ORD1737,Customer_203,Mixer,Home Appliances,-500.0,4.0,10.0,11111.15,2025-01-02,Chennai,Cash,1
ORD1738,Customer_216,T-Shirt,Fashion,1024.77,1.0,10.0,922.29,2025-04-08,Bengaluru,Credit Card,5
ORD1739,Customer_087,T-Shirt,Fashion,880.77,2.0,0.0,1761.54,2025-03-20,Hyderabad,UPI,4
ORD1740,Customer_183,Smartphone,Electronics,25086.41,3.0,20.0,60207.38,2025-09-25,Mumbai,Cash,3
ORD1741,Customer_022,Smartphone,Electronics,31668.49,5.0,15.0,134591.08,2025-01-18,Bengaluru,Cash,3
ORD1742,Customer_224,Mouse,Accessories,926.27,3.0,0.0,2778.81,2025-02-17,delhi,Cash,3
ORD1743,Customer_143,Keyboard,Accessories,1577.59,3.0,10.0,4259.49,2025-07-11,Delhi,Credit Card,5
ORD1744,Customer_093,Backpack,Accessories,2390.76,1.0,10.0,2151.68,2025-01-17,mumbai,Net Banking,5
ORD1745,Customer_035,Desk,Furniture,12215.08,2.0,10.0,21987.14,2025-04-29,Chennai,Credit Card,4
ORD1746,Customer_122,Mouse,Accessories,907.45,2.0,0.0,1814.9,2025-05-25,Delhi,Debit Card,1
ORD1747,Customer_106,T-Shirt,Fashion,780.47,2.0,0.0,1560.94,2025-03-26,Chennai,UPI,4
ORD1748,Customer_074,Smartphone,Electronics,29912.1,2.0,0.0,59824.2,2025-12-20,Chennai,Net Banking,3
ORD1749,,Shoes,Fashion,3318.44,4.0,5.0,12610.07,2025-09-07,Delhi,Cash,5
ORD1750,Customer_036,Smartwatch,Electronics,5910.23,4.0,5.0,22458.87,2025-12-28,Bengaluru,Net Banking,2
ORD1751,Customer_167,Keyboard,Accessories,1964.76,4.0,5.0,7466.09,2025-01-20,Nagpur,UPI,1
ORD1752,Customer_044,Monitor,Electronics,14995.96,5.0,5.0,71230.81,2025-11-26,Nagpur,Credit Card,1
ORD1753,Customer_200,Headphones,Electronics,2680.5,3.0,0.0,8041.5,2025-09-05,Chennai,Net Banking,1
ORD1754,Customer_184,Coffee Maker,Home Appliances,4146.54,1.0,5.0,3939.21,2025-08-08,Pune,Cash,4
ORD1755,Customer_032,Monitor,Electronics,12718.82,1.0,15.0,10811.0,2025-08-22,Mumbai,UPI,3
ORD1756,Customer_087,Backpack,Accessories,1894.06,4.0,5.0,7197.43,2025-10-14,Nagpur,UPI,5
ORD1757,Customer_084,Smartphone,Electronics,26004.23,1.0,5.0,24704.02,2025-10-18,Delhi,Credit Card,5
ORD1758,Customer_053,Mouse,Accessories,941.52,5.0,15.0,4001.46,2025-12-09,Bengaluru,UPI,3
ORD1759,Customer_013,Smartphone,Electronics,31948.63,4.0,10.0,115015.07,2025-10-23,Pune,Cash,2
ORD1760,Customer_054,Headphones,Electronics,2638.88,3.0,0.0,7916.64,2025-07-27,Pune,Cash,2
ORD1761,Customer_005,Keyboard,Accessories,1591.18,2.0,20.0,2545.89,2025-07-01,Hyderabad,Debit Card,5
ORD1762,Customer_076,Headphones,Electronics,2764.04,3.0,0.0,8292.12,2025-04-18,Bengaluru,Credit Card,5
ORD1763,Customer_135,Keyboard,Accessories,1855.74,2.0,0.0,3711.48,2025-10-09,Mumbai,Cash,4
ORD1764,Customer_203,Desk,Furniture,11663.1,5.0,10.0,52483.95,2025-11-26,Bengaluru,Net Banking,1
ORD1765,Customer_007,Keyboard,Accessories,1700.76,2.0,5.0,3231.44,2025-02-09,Bengaluru,Debit Card,4
ORD1766,Customer_026,Keyboard,Accessories,1731.42,4.0,0.0,6925.68,2025-05-31,Hyderabad,Net Banking,5
ORD1767,Customer_144,Jeans,Fashion,1769.13,5.0,0.0,8845.65,2025-07-08,Nagpur,Cash,5
ORD1768,Customer_240,Monitor,Electronics,12044.61,4.0,5.0,45769.52,2025-12-19,BENGALURU,UPI,4
ORD1769,Customer_197,Keyboard,Accessories,,4.0,15.0,6878.68,14-08-2025,Hyderabad,Credit Card,5
ORD1770,Customer_181,Monitor,Electronics,13426.3,2.0,5.0,25509.97,2025-02-02,Nagpur,UPI,5
ORD1771,Customer_143,Headphones,Electronics,2278.6,1.0,0.0,2278.6,2025-09-18,Hyderabad,Debit Card,3
ORD1772,Customer_080,Monitor,Electronics,13178.86,4.0,20.0,42172.35,2025-10-19,Pune,Cash,2
ORD1773,Customer_146,Smartwatch,Electronics,6751.3,1.0,15.0,5738.6,2025-03-04,Pune,Credit Card,1
ORD1774,Customer_178,Coffee Maker,Home Appliances,4066.13,1.0,0.0,4066.13,2025-07-26,Bengaluru,Credit Card,4
ORD1775,Customer_096,Smartwatch,Electronics,6109.86,2.0,5.0,11608.73,2025-08-06,Pune,Debit Card,3
ORD1776,Customer_090,Office Chair,Furniture,8712.43,2.0,10.0,15682.37,2025-02-18,Chennai,Cash,1
ORD1777,Customer_232,Shoes,Fashion,3114.3,2.0,20.0,4982.88,2025-09-04,Chennai,Debit Card,3
ORD1778,Customer_080,Smartphone,Electronics,30997.42,1.0,10.0,27897.68,2025-07-04,Nagpur,Net Banking,3
ORD1779,Customer_195,Smartwatch,Electronics,7355.81,4.0,5.0,27952.08,2025-08-02,Pune,Credit Card,1
ORD1780,Customer_213,Smartphone,Electronics,27836.7,1.0,0.0,27836.7,2025-11-08,Bengaluru,Cash,2
ORD1781,Customer_156,Backpack,Accessories,1974.58,4.0,0.0,7898.32,2025-01-16,Hyderabad,Net Banking,1
ORD1782,Customer_146,Smartphone,Electronics,30851.41,,5.0,87926.52,2025-07-25,Chennai,Cash,4
ORD1783,Customer_249,Smartwatch,Electronics,7046.09,5.0,0.0,35230.45,2025-04-27,BENGALURU,Debit Card,2
ORD1784,Customer_041,Smartphone,Electronics,26681.42,2.0,5.0,50694.7,2025-08-19,Hyderabad,Credit Card,2
ORD1785,Customer_149,Monitor,Electronics,14880.62,4.0,10.0,53570.23,2025-07-12,Bengaluru,UPI,5
ORD1786,Customer_058,Coffee Maker,Home Appliances,3619.6,1.0,0.0,3619.6,2025-07-04,Chennai,Cash,5
ORD1787,Customer_161,Office Chair,Furniture,8317.3,3.0,15.0,21209.12,2025-05-21,Chennai,UPI,5
ORD1788,Customer_095,Shoes,Fashion,3234.12,2.0,5.0,6144.83,2025-09-19,PUNE,UPI,2
ORD1789,Customer_182,Shoes,Fashion,3310.47,4.0,5.0,12579.79,2025-01-25,Bengaluru,Net Banking,5
ORD1790,Customer_128,Smartphone,Electronics,26524.36,1.0,5.0,25198.14,2025-12-19,Pune,Net Banking,3
ORD1791,Customer_153,Monitor,Electronics,14329.88,1.0,5.0,13613.39,2025-05-07,Hyderabad,Net Banking,4
ORD1792,Customer_183,Smartwatch,Electronics,5749.96,2.0,5.0,10924.92,2025-07-17,Delhi,Net Banking,5
ORD1793,Customer_019,Laptop,Electronics,61758.32,1.0,10.0,55582.49,2025-07-30,Nagpur,Credit Card,2
ORD1794,Customer_002,Shoes,Fashion,3236.04,1.0,0.0,3236.04,2025-03-04,Chennai,Cash,3
ORD1795,Customer_199,Laptop,Electronics,50266.84,2.0,5.0,95507.0,2025-03-22,Nagpur,Cash,5
ORD1796,Customer_196,Smartwatch,Electronics,7431.04,5.0,,37155.2,2025-08-04,Hyderabad,UPI,4
ORD1797,Customer_057,Headphones,Electronics,-500.0,5.0,10.0,9912.69,2025-07-30,Bengaluru,Credit Card,1
ORD1798,Customer_129,Coffee Maker,Home Appliances,4542.91,3.0,0.0,13628.73,2025-12-01,Bengaluru,UPI,4
ORD1799,Customer_211,Office Chair,Furniture,8081.4,3.0,10.0,21819.78,2025-12-31,Bengaluru,Cash,1
ORD1800,Customer_123,Keyboard,Accessories,1651.17,1.0,0.0,1651.17,2025-11-11,Chennai,Cash,2
ORD1801,Customer_167,Coffee Maker,Home Appliances,3670.3,4.0,15.0,12479.02,2025-03-23,Bengaluru,Credit Card,4
ORD1802,Customer_201,Smartphone,Electronics,,3.0,5.0,70976.0,2025-07-19,Nagpur,Debit Card,3
ORD1803,Customer_167,Smartphone,Electronics,25880.11,4.0,10.0,93168.4,2025-07-23,Mumbai,Debit Card,4
ORD1804,Customer_217,Jeans,Fashion,1557.89,4.0,15.0,5296.83,2025-01-01,Nagpur,UPI,4
ORD1805,Customer_124,Monitor,Electronics,13247.08,2.0,,26494.16,12/25/2025,Mumbai,Credit Card,2
ORD1806,Customer_071,Mixer,Home Appliances,3580.37,2.0,15.0,6086.63,2025-11-14,Pune,Debit Card,4
ORD1807,Customer_230,Shoes,Fashion,2805.04,2.0,0.0,5610.08,2025-02-14,Mumbai,Debit Card,2
ORD1808,Customer_160,T-Shirt,Fashion,950.54,2.0,5.0,1806.03,2025-01-03,Chennai,Credit Card,3
ORD1809,Customer_007,Headphones,Electronics,,5.0,5.0,10339.32,2025-09-26,Mumbai,Cash,2
ORD1810,Customer_069,Backpack,Accessories,2342.14,4.0,0.0,9368.56,2025-08-07,Hyderabad,Debit Card,5
ORD1811,Customer_068,Office Chair,Furniture,9433.88,3.0,5.0,26886.56,2025-12-23,Chennai,Debit Card,4
ORD1812,Customer_141,Desk,Furniture,12999.82,4.0,10.0,46799.35,2025-06-04,Chennai,UPI,4
ORD1813,Customer_249,Office Chair,Furniture,7817.63,1.0,10.0,7035.87,2025-03-18,Bengaluru,Credit Card,4
ORD1814,Customer_107,T-Shirt,Fashion,952.21,2.0,5.0,1809.2,2025-11-19,Delhi,Cash,2
ORD1815,Customer_013,T-Shirt,Fashion,961.3,4.0,,3268.42,2025-10-24,Pune,Net Banking,5
ORD1816,Customer_040,T-Shirt,Fashion,908.5,2.0,0.0,1817.0,2025-12-02,Hyderabad,Debit Card,3
ORD1817,Customer_117,Office Chair,Furniture,8076.13,3.0,10.0,21805.55,2025-07-03,Mumbai,Credit Card,4
ORD1818,Customer_237,Smartphone,Electronics,27534.87,3.0,5.0,78474.38,2025-03-07,Chennai,UPI,4
ORD1819,Customer_039,Desk,Furniture,10389.79,1.0,10.0,9350.81,2025-05-25,Hyderabad,Debit Card,5
ORD1820,Customer_084,Backpack,Accessories,1940.1,2.0,,3298.17,2025-03-30,Nagpur,Cash,1
ORD1821,Customer_022,Jeans,Fashion,1799.76,1.0,10.0,1619.78,2025-04-24,Nagpur,Net Banking,2
ORD1822,Customer_223,Mouse,Accessories,788.02,5.0,5.0,3743.1,11/16/2025,Mumbai,Credit Card,3
ORD1823,Customer_102,T-Shirt,Fashion,979.65,1.0,0.0,979.65,2025-06-12,Mumbai,Cash,2
ORD1824,Customer_092,Coffee Maker,Home Appliances,4410.34,3.0,20.0,10584.82,2025-06-30,Nagpur,Net Banking,4
ORD1825,Customer_154,Office Chair,Furniture,8864.92,2.0,10.0,15956.86,2025-05-08,Nagpur,Credit Card,5
ORD1826,Customer_143,Shoes,Fashion,3089.66,4.0,10.0,11122.78,2025-08-12,Mumbai,Debit Card,1
ORD1827,Customer_004,Jeans,Fashion,1993.43,2.0,5.0,3787.52,2025-01-03,Hyderabad,Cash,3
ORD1828,Customer_021,Laptop,Electronics,63220.3,3.0,10.0,170694.81,2025-02-08,Nagpur,Credit Card,3
ORD1829,Customer_191,Smartwatch,Electronics,7127.59,2.0,15.0,,2025-04-09,Delhi,Cash,1
ORD1830,,Desk,Furniture,12906.46,4.0,0.0,51625.84,2025-07-29,Chennai,Cash,5
ORD1831,Customer_230,Monitor,Electronics,12131.43,2.0,5.0,23049.72,2025-07-08,nagpur,Credit Card,2
ORD1832,Customer_070,T-Shirt,Fashion,872.45,5.0,0.0,4362.25,2025-06-26,Delhi,Credit Card,5
ORD1833,Customer_230,Coffee Maker,Home Appliances,4599.28,5.0,10.0,20696.76,2025-09-12,Bengaluru,Credit Card,5
ORD1834,Customer_003,Coffee Maker,Home Appliances,4410.34,1.0,0.0,4410.34,2025-02-16,Nagpur,Net Banking,3
ORD1835,Customer_186,Keyboard,Accessories,1999.45,,15.0,5098.6,2025-11-14,Delhi,UPI,3
ORD1836,Customer_230,Office Chair,Furniture,7845.11,5.0,10.0,35302.99,2025-01-21,Delhi,Net Banking,4
ORD1837,Customer_240,Office Chair,Furniture,9376.51,2.0,5.0,17815.37,2025-09-22,Nagpur,Credit Card,2
ORD1838,Customer_118,Jeans,Fashion,1922.82,4.0,0.0,7691.28,2025-02-06,Chennai,UPI,5
ORD1839,Customer_073,Mouse,Accessories,778.23,5.0,5.0,3696.59,2025-09-06,Nagpur,Debit Card,5
ORD1840,Customer_220,Monitor,Electronics,13751.1,1.0,10.0,12375.99,2025-11-24,Nagpur,Net Banking,5
ORD1841,Customer_058,Monitor,Electronics,12764.7,4.0,5.0,48505.86,2025-10-29,Mumbai,UPI,1
ORD1842,Customer_153,Keyboard,Accessories,1864.66,2.0,10.0,3356.39,2025-07-01,Hyderabad,Debit Card,5
ORD1843,Customer_082,Monitor,Electronics,14496.8,2.0,0.0,28993.6,2025-03-28,Mumbai,Cash,5
ORD1844,Customer_209,Smartwatch,Electronics,7184.16,4.0,10.0,25862.98,2025-09-08,Pune,Net Banking,4
ORD1845,Customer_075,Jeans,Fashion,1843.09,3.0,10.0,4976.34,2025-08-04,Chennai,Cash,5
ORD1846,Customer_028,Monitor,Electronics,13931.01,2.0,15.0,23682.72,2025-01-16,Delhi,UPI,3
ORD1847,Customer_193,Mouse,Accessories,1006.67,1.0,5.0,956.34,2025-12-01,Mumbai,Debit Card,4
ORD1848,Customer_210,Shoes,Fashion,3610.89,5.0,20.0,14443.56,2025-04-13,Pune,Credit Card,2
ORD1849,Customer_049,Backpack,Accessories,2419.8,3.0,5.0,6896.43,2025-01-26,Pune,Net Banking,2
ORD1850,Customer_117,Desk,Furniture,12409.26,4.0,10.0,44673.34,2025-06-13,Bengaluru,Net Banking,1
ORD1851,Customer_217,T-Shirt,Fashion,815.84,4.0,0.0,3263.36,2025-03-21,Mumbai,Debit Card,1
ORD1852,Customer_101,Keyboard,Accessories,1606.35,3.0,10.0,4337.14,2025-06-30,Bengaluru,Cash,4
ORD1853,Customer_169,Smartwatch,Electronics,5986.86,2.0,5.0,11375.03,2025-01-22,Mumbai,Net Banking,4
ORD1854,Customer_085,T-Shirt,Fashion,934.76,5.0,0.0,4673.8,2025-09-30,Bengaluru,Debit Card,1
ORD1855,Customer_176,Mixer,Home Appliances,4016.21,5.0,0.0,20081.05,2025-08-26,Chennai,Debit Card,1
ORD1856,Customer_212,Headphones,Electronics,2294.71,2.0,0.0,4589.42,2025-01-02,Delhi,UPI,3
ORD1857,Customer_135,Shoes,Fashion,3593.79,4.0,10.0,12937.64,2025-09-27,Nagpur,Cash,3
ORD1858,Customer_171,Keyboard,Accessories,1941.55,2.0,5.0,3688.94,03-12-2025,Hyderabad,Net Banking,2
ORD1859,Customer_009,Desk,Furniture,12446.81,4.0,0.0,49787.24,2025-03-03,Pune,Net Banking,5
ORD1860,Customer_093,Smartphone,Electronics,29856.86,2.0,0.0,59713.72,2025-09-17,Mumbai,Credit Card,1
ORD1861,Customer_243,Laptop,Electronics,60329.56,3.0,10.0,162889.81,2025-04-24,Chennai,Credit Card,5
ORD1862,Customer_217,Monitor,Electronics,15720.17,4.0,15.0,53448.58,2025-11-09,Chennai,Net Banking,4
ORD1863,Customer_008,Backpack,Accessories,2307.49,4.0,0.0,9229.96,2025-10-27,Mumbai,Cash,5
ORD1864,Customer_032,Mouse,Accessories,1031.89,,20.0,4127.56,2025-10-16,Chennai,Debit Card,2
ORD1865,Customer_030,T-Shirt,Fashion,976.07,2.0,5.0,1854.53,2025-03-03,Delhi,Cash,1
ORD1866,Customer_215,Headphones,Electronics,2249.9,4.0,0.0,8999.6,2025-05-10,Hyderabad,UPI,4
ORD1867,Customer_077,Mixer,Home Appliances,3584.81,2.0,0.0,7169.62,2025-04-20,Hyderabad,Credit Card,2
ORD1868,Customer_162,T-Shirt,Fashion,930.01,3.0,5.0,2650.53,2025-10-13,Nagpur,Debit Card,5
ORD1869,Customer_188,Headphones,Electronics,2480.9,5.0,5.0,11784.28,2025-07-05,Pune,Credit Card,4
ORD1870,Customer_218,Laptop,Electronics,58546.72,3.0,10.0,158076.14,26-05-2025,Hyderabad,Cash,4
ORD1871,Customer_114,Coffee Maker,Home Appliances,4381.09,5.0,0.0,21905.45,2025-09-12,Hyderabad,Cash,2
ORD1872,Customer_025,Desk,Furniture,13652.7,3.0,15.0,34814.38,2025-10-02,Hyderabad,Debit Card,3
ORD1873,Customer_083,Backpack,Accessories,2494.03,2.0,5.0,4738.66,2025-06-19,Hyderabad,Cash,1
ORD1874,Customer_016,Laptop,Electronics,54054.45,3.0,5.0,154055.18,2025-10-06,Nagpur,Credit Card,4
ORD1875,Customer_177,Office Chair,Furniture,7828.64,4.0,0.0,31314.56,2025-10-09,Hyderabad,Net Banking,4
ORD1876,Customer_242,Laptop,Electronics,55680.43,1.0,5.0,52896.41,2025-04-27,Chennai,Credit Card,5
ORD1877,Customer_130,Backpack,Accessories,2204.88,1.0,0.0,2204.88,2025-05-14,Chennai,Credit Card,2
ORD1878,Customer_074,Office Chair,Furniture,8740.05,1.0,5.0,8303.05,2025-09-30,Nagpur,Net Banking,2
ORD1879,Customer_099,Mouse,Accessories,989.57,2.0,10.0,1781.23,2025-10-05,Delhi,Credit Card,1
ORD1880,Customer_009,Jeans,Fashion,1777.7,2.0,15.0,3022.09,2025-03-20,Bengaluru,Credit Card,1
ORD1881,Customer_230,Jeans,Fashion,2034.13,2.0,5.0,3864.85,2025-05-11,Nagpur,Credit Card,3
ORD1882,Customer_210,Mouse,Accessories,861.86,1.0,10.0,775.67,2025-04-13,Pune,Cash,4
ORD1883,,Keyboard,Accessories,2050.82,1.0,10.0,1845.74,2025-05-09,Delhi,Cash,5
ORD1884,Customer_173,Smartphone,Electronics,24643.84,1.0,5.0,23411.65,2025-07-27,Delhi,Cash,3
ORD1885,Customer_246,Backpack,Accessories,2398.35,5.0,0.0,11991.75,2025-05-23,Bengaluru,Credit Card,1
ORD1886,Customer_064,Shoes,Fashion,3071.47,1.0,20.0,2457.18,2025-08-31,Mumbai,Credit Card,3
ORD1887,Customer_025,Office Chair,Furniture,7598.85,3.0,10.0,20516.9,2025-10-31,Pune,Net Banking,3
ORD1888,Customer_149,Mouse,Accessories,848.41,1.0,10.0,763.57,2025-09-06,Pune,Net Banking,3
ORD1889,Customer_173,Monitor,Electronics,12485.07,4.0,5.0,47443.27,2025-01-17,Nagpur,Debit Card,2
ORD1890,Customer_046,Smartwatch,Electronics,5945.44,4.0,,23781.76,2025-08-02,Nagpur,Net Banking,1
ORD1891,Customer_194,Keyboard,Accessories,2044.22,3.0,10.0,5519.39,2025-08-04,Nagpur,UPI,5
ORD1892,Customer_130,Headphones,Electronics,2845.28,,0.0,8535.84,2025-04-15,Delhi,Debit Card,2
ORD1893,Customer_173,Backpack,Accessories,2265.58,2.0,0.0,4531.16,2025-12-07,Hyderabad,Cash,5
ORD1894,Customer_160,Mouse,Accessories,-500.0,1.0,10.0,850.66,2025-01-26,Chennai,UPI,1
ORD1895,Customer_147,Headphones,Electronics,2611.19,3.0,15.0,6658.53,2025-02-17,PUNE,UPI,3
ORD1896,Customer_103,Headphones,Electronics,2513.77,5.0,10.0,11311.96,2025-07-24,Pune,Debit Card,4
ORD1897,Customer_246,Keyboard,Accessories,2034.59,5.0,5.0,9664.3,2025-06-10,Mumbai,Cash,4
ORD1898,Customer_039,Smartphone,Electronics,25989.67,5.0,15.0,110456.1,2025-03-30,Chennai,Cash,1
ORD1899,Customer_224,Office Chair,Furniture,9060.99,2.0,10.0,16309.78,2025-01-15,Bengaluru,UPI,5
ORD1900,Customer_049,Mouse,Accessories,851.42,2.0,15.0,1447.41,2025-05-26,Nagpur,Cash,2
ORD1901,Customer_210,Keyboard,Accessories,1598.64,3.0,0.0,4795.92,2025-01-29,Nagpur,Net Banking,1
ORD1902,Customer_235,Laptop,Electronics,60191.31,1.0,5.0,57181.74,2025-07-05,Chennai,Net Banking,4
ORD1903,Customer_190,Coffee Maker,Home Appliances,4638.74,5.0,15.0,19714.64,2025-08-26,Pune,Credit Card,1
ORD1904,Customer_070,Laptop,Electronics,62169.91,1.0,20.0,49735.93,2025-04-30,Hyderabad,Credit Card,4
ORD1905,Customer_011,Desk,Furniture,10584.56,2.0,15.0,17993.75,2025-12-13,Mumbai,Net Banking,5
ORD1906,Customer_168,Coffee Maker,Home Appliances,3956.93,-1.0,10.0,10683.71,2025-01-12,Delhi,UPI,5
ORD1907,Customer_134,Smartphone,Electronics,26561.59,1.0,0.0,26561.59,2025-10-10,Bengaluru,UPI,2
ORD1908,Customer_212,Desk,Furniture,12753.47,5.0,0.0,63767.35,2025-04-13,Pune,UPI,5
ORD1909,Customer_142,Mouse,Accessories,1012.61,5.0,15.0,4303.59,2025-07-01,Nagpur,Credit Card,3
ORD1910,Customer_164,Mixer,Home Appliances,3270.89,1.0,10.0,2943.8,2025-09-13,Mumbai,Net Banking,3
ORD1911,Customer_146,Desk,Furniture,11357.52,4.0,10.0,40887.07,2025-02-06,Mumbai,UPI,4
ORD1912,Customer_086,Headphones,Electronics,2866.84,4.0,10.0,10320.62,2025-02-22,Bengaluru,Debit Card,3
ORD1913,Customer_100,Mixer,Home Appliances,3854.02,1.0,15.0,3275.92,2025-03-28,Delhi,Cash,3
ORD1914,Customer_154,Keyboard,Accessories,1638.38,5.0,10.0,7372.71,2025-12-30,Mumbai,Cash,4
ORD1915,Customer_075,Smartwatch,Electronics,6888.8,3.0,15.0,17566.44,2025-07-13,Delhi,Net Banking,3
ORD1916,Customer_202,Keyboard,Accessories,1938.53,2.0,0.0,3877.06,2025-07-10,Bengaluru,Cash,3
ORD1917,Customer_025,Keyboard,Accessories,1921.38,4.0,10.0,6916.97,2025-01-21,Mumbai,Debit Card,3
ORD1918,Customer_050,Mouse,Accessories,898.24,4.0,5.0,3413.31,2025-05-31,Hyderabad,Net Banking,4
ORD1919,Customer_163,T-Shirt,Fashion,897.02,1.0,0.0,897.02,2025-04-11,Hyderabad,Credit Card,2
ORD1920,Customer_043,Laptop,Electronics,54339.7,1.0,0.0,,2025-04-05,Mumbai,Debit Card,4
ORD1921,Customer_151,Smartwatch,Electronics,6639.77,2.0,5.0,12615.56,2025-12-03,Nagpur,Cash,4
ORD1922,Customer_027,Coffee Maker,Home Appliances,4581.4,3.0,0.0,13744.2,2025-12-04,Hyderabad,Credit Card,3
ORD1923,Customer_076,Mouse,Accessories,807.08,1.0,20.0,,2025-11-09,Delhi,Cash,4
ORD1924,Customer_234,Backpack,Accessories,2135.67,2.0,10.0,3844.21,2025-06-12,Bengaluru,Net Banking,2
ORD1925,Customer_136,T-Shirt,Fashion,895.6,2.0,,1522.52,2025-04-16,Chennai,Net Banking,5
ORD1926,Customer_049,Office Chair,Furniture,7846.0,4.0,15.0,26676.4,2025-12-20,Chennai,Credit Card,1
ORD1927,Customer_103,Keyboard,Accessories,1961.16,4.0,15.0,6667.94,2025-02-22,Mumbai,Cash,2
ORD1928,Customer_156,Smartphone,Electronics,26781.42,1.0,10.0,24103.28,2025-07-16,Delhi,Cash,2
ORD1929,,Monitor,Electronics,15441.21,4.0,10.0,55588.36,2025-09-20,Nagpur,Net Banking,2
ORD1930,Customer_210,Monitor,Electronics,14962.69,1.0,15.0,12718.29,2025-02-10,Hyderabad,Credit Card,1
ORD1931,Customer_119,Smartwatch,Electronics,5703.28,1.0,5.0,5418.12,2025-12-01,Delhi,Credit Card,4
ORD1932,Customer_239,Headphones,Electronics,2152.92,4.0,10.0,7750.51,2025-07-25,Pune,Credit Card,3
ORD1933,Customer_203,Coffee Maker,Home Appliances,4224.8,5.0,20.0,16899.2,2025-09-15,Bengaluru,Debit Card,3
ORD1934,Customer_201,Office Chair,Furniture,9518.76,3.0,5.0,27128.47,2025-09-15,Hyderabad,UPI,2
ORD1935,Customer_097,Smartphone,Electronics,31877.55,5.0,10.0,143448.98,2025-04-21,Chennai,Cash,5
ORD1936,Customer_033,Headphones,Electronics,2506.66,1.0,10.0,2255.99,2025-02-09,Hyderabad,UPI,1
ORD1937,Customer_207,Monitor,Electronics,13799.3,3.0,20.0,33118.32,2025-11-06,Bengaluru,Credit Card,1
ORD1938,Customer_139,Headphones,Electronics,2387.64,2.0,5.0,4536.52,2025-06-25,Nagpur,Debit Card,3
ORD1939,Customer_040,Laptop,Electronics,49449.67,5.0,5.0,234885.93,2025-02-03,Nagpur,Cash,1
ORD1940,Customer_221,Laptop,Electronics,55400.2,4.0,10.0,199440.72,2025-01-09,Pune,Cash,1
ORD1941,Customer_010,Jeans,Fashion,1833.45,2.0,10.0,3300.21,2025-09-19,Delhi,UPI,5
ORD1942,Customer_233,Laptop,Electronics,,2.0,10.0,86428.69,2025-07-14,Delhi,Cash,2
ORD1943,Customer_118,Desk,Furniture,11054.95,1.0,10.0,9949.46,2025-06-13,Nagpur,Net Banking,2
ORD1944,Customer_132,Coffee Maker,Home Appliances,4508.39,1.0,0.0,4508.39,2025-09-10,Chennai,Cash,3
ORD1945,Customer_052,Jeans,Fashion,1892.89,3.0,15.0,4826.87,2025-03-21,Nagpur,Net Banking,3
ORD1946,Customer_103,Office Chair,Furniture,8745.46,5.0,20.0,34981.84,2025-01-07,Delhi,Credit Card,2
ORD1947,Customer_183,Office Chair,Furniture,9660.31,2.0,20.0,15456.5,2025-10-19,Pune,Cash,1
ORD1948,Customer_188,Smartphone,Electronics,27746.36,5.0,5.0,131795.21,2025-05-23,Nagpur,UPI,4
ORD1949,Customer_224,Monitor,Electronics,14688.85,1.0,0.0,14688.85,2025-09-27,Delhi,UPI,5
ORD1950,Customer_107,Backpack,Accessories,2359.26,5.0,20.0,9437.04,2025-11-06,Hyderabad,Net Banking,4
ORD1951,Customer_071,Shoes,Fashion,2746.73,3.0,15.0,7004.16,2025-03-08,Chennai,Net Banking,5
ORD1952,Customer_033,Backpack,Accessories,2242.87,1.0,10.0,2018.58,2025-12-03,Mumbai,Cash,3
ORD1953,Customer_064,Office Chair,Furniture,8348.54,2.0,5.0,15862.23,2025-05-03,Chennai,Net Banking,2
ORD1954,Customer_136,Smartwatch,Electronics,7397.43,3.0,10.0,19973.06,2025-06-15,Chennai,Net Banking,5
ORD1955,Customer_247,Desk,Furniture,12893.18,4.0,0.0,51572.72,2025-03-20,Pune,Credit Card,4
ORD1956,Customer_116,Desk,Furniture,12846.9,2.0,,21839.73,2025-06-12,Mumbai,UPI,5
ORD1957,Customer_090,Smartphone,Electronics,27052.87,1.0,5.0,25700.23,2025-09-01,Chennai,Debit Card,2
ORD1958,Customer_148,Office Chair,Furniture,8476.57,5.0,15.0,36025.42,2025-05-13,Nagpur,UPI,2
ORD1959,Customer_078,Shoes,Fashion,3559.2,3.0,10.0,9609.84,2025-02-08,Hyderabad,Credit Card,2
ORD1960,Customer_054,Shoes,Fashion,3317.48,1.0,0.0,3317.48,2025-02-03,MUMBAI,Credit Card,1
ORD1961,Customer_166,Mouse,Accessories,851.48,1.0,10.0,766.33,2025-07-31,Mumbai,UPI,4
ORD1962,Customer_084,T-Shirt,Fashion,1003.46,3.0,5.0,2859.86,2025-02-14,Bengaluru,Debit Card,3
ORD1963,Customer_160,Coffee Maker,Home Appliances,4746.88,4.0,10.0,17088.77,2025-09-24,Chennai,Debit Card,1
ORD1964,Customer_232,Coffee Maker,Home Appliances,4388.94,4.0,10.0,15800.18,2025-12-26,Chennai,Cash,5
ORD1965,Customer_064,Office Chair,Furniture,8735.86,2.0,5.0,16598.13,24-03-2025,Nagpur,Credit Card,4
ORD1966,Customer_237,Shoes,Fashion,3127.4,1.0,5.0,2971.03,2025-05-18,Nagpur,UPI,1
ORD1967,Customer_025,Smartwatch,Electronics,6390.22,4.0,5.0,24282.84,05/07/2025,Mumbai,UPI,5
ORD1968,Customer_073,Coffee Maker,Home Appliances,4335.68,2.0,15.0,7370.66,01/12/2025,Delhi,Cash,4
ORD1969,Customer_167,T-Shirt,Fashion,1012.09,3.0,10.0,2732.64,2025-12-10,Pune,Cash,2
ORD1970,Customer_141,Backpack,Accessories,1929.98,5.0,0.0,9649.9,2025-01-31,Mumbai,UPI,3
ORD1971,Customer_016,Smartphone,Electronics,25695.58,3.0,5.0,73232.4,2025-03-18,Hyderabad,UPI,5
ORD1972,Customer_041,T-Shirt,Fashion,963.58,5.0,15.0,4095.22,2025-07-22,Chennai,Net Banking,2
ORD1973,Customer_157,Backpack,Accessories,2480.69,3.0,10.0,6697.86,2025-12-29,Nagpur,Credit Card,3
ORD1974,Customer_061,Smartwatch,Electronics,5892.57,1.0,10.0,5303.31,2025-04-02,Chennai,UPI,1
ORD1975,Customer_010,Laptop,Electronics,55975.75,3.0,0.0,167927.25,2025-04-02,Delhi,UPI,1
ORD1976,Customer_210,Jeans,Fashion,1791.21,1.0,0.0,1791.21,2025-07-25,Nagpur,Debit Card,1
ORD1977,Customer_053,Backpack,Accessories,1871.06,4.0,20.0,5987.39,2025-05-25,Chennai,Net Banking,1
ORD1978,,Smartphone,Electronics,28646.26,5.0,0.0,143231.3,2025-05-29,Hyderabad,Net Banking,1
ORD1979,Customer_056,Monitor,Electronics,14260.87,4.0,5.0,54191.31,2025-08-16,Pune,Net Banking,4
ORD1980,,Jeans,Fashion,1730.07,3.0,15.0,4411.68,2025-03-07,Nagpur,Cash,2
ORD1981,Customer_033,Smartphone,Electronics,27476.23,1.0,5.0,26102.42,2025-08-06,Hyderabad,Debit Card,1
ORD1982,Customer_094,Coffee Maker,Home Appliances,3950.09,3.0,15.0,10072.73,2025-02-17,Nagpur,Cash,4
ORD1983,Customer_085,T-Shirt,Fashion,1013.6,1.0,5.0,962.92,2025-02-26,Nagpur,Cash,3
ORD1984,Customer_124,Desk,Furniture,12083.83,2.0,5.0,22959.28,2025-12-22,Bengaluru,Debit Card,3
ORD1985,Customer_134,Monitor,Electronics,14442.87,5.0,0.0,72214.35,2025-01-22,Pune,UPI,5
ORD1986,Customer_102,Mixer,Home Appliances,3501.78,3.0,5.0,9980.07,2025-09-10,Chennai,Debit Card,2
ORD1987,Customer_166,Laptop,Electronics,60252.95,4.0,5.0,228961.21,2025-09-24,Bengaluru,Credit Card,2
ORD1988,Customer_033,Backpack,Accessories,2159.15,4.0,0.0,8636.6,2025-05-21,Mumbai,UPI,2
ORD1989,Customer_188,Office Chair,Furniture,8086.9,5.0,0.0,40434.5,2025-08-18,Nagpur,Debit Card,3
ORD1990,Customer_116,Mixer,Home Appliances,3707.32,3.0,5.0,10565.86,2025-04-02,Mumbai,UPI,2
ORD1991,Customer_105,Smartphone,Electronics,24545.7,2.0,5.0,46636.83,2025-03-29,Mumbai,Cash,2
ORD1992,Customer_065,Shoes,Fashion,2961.14,2.0,10.0,5330.05,2025-10-17,Pune,Debit Card,2
ORD1993,Customer_127,Keyboard,Accessories,1933.08,5.0,15.0,8215.59,2025-10-05,Bengaluru,Credit Card,1
ORD1994,Customer_024,Coffee Maker,Home Appliances,3921.72,4.0,0.0,15686.88,2025-12-17,Nagpur,Net Banking,5
ORD1995,Customer_238,Office Chair,Furniture,9454.91,2.0,10.0,17018.84,2025-11-17,Pune,Debit Card,3
ORD1996,Customer_054,Headphones,Electronics,2357.03,5.0,10.0,10606.64,2025-10-22,Mumbai,Cash,5
ORD1997,Customer_142,Shoes,Fashion,2919.48,2.0,15.0,4963.12,2025-07-23,Nagpur,Credit Card,2
ORD1998,Customer_130,Monitor,Electronics,14679.81,5.0,15.0,62389.19,2025-12-03,Chennai,Cash,3
ORD1999,Customer_084,Desk,Furniture,11663.06,1.0,15.0,9913.6,2025-02-22,Delhi,Cash,4
ORD2000,Customer_150,Office Chair,Furniture,8090.06,1.0,0.0,8090.06,2025-05-26,Bengaluru,Credit Card,3
ORD1779,Customer_195,Smartwatch,Electronics,7355.81,4.0,5.0,27952.08,2025-08-02,Pune,Credit Card,1
ORD1335,Customer_021,Headphones,Electronics,2794.39,5.0,0.0,13971.95,2025-11-03,Chennai,Cash,1
ORD1272,Customer_010,Keyboard,Accessories,2026.96,4.0,0.0,8107.84,09/28/2025,Pune,Credit Card,1
ORD1803,Customer_167,Smartphone,Electronics,25880.11,4.0,10.0,93168.4,2025-07-23,Mumbai,Debit Card,4
ORD1217,Customer_125,Jeans,Fashion,1685.89,3.0,15.0,4299.02,2025-04-12,Chennai,Cash,3
ORD1409,Customer_083,Desk,Furniture,12440.69,2.0,5.0,23637.31,2025-09-24,Hyderabad,Net Banking,4
ORD1813,Customer_249,Office Chair,Furniture,7817.63,1.0,10.0,7035.87,2025-03-18,Bengaluru,Credit Card,4
ORD1095,Customer_227,Mixer,Home Appliances,3007.0,2.0,5.0,5713.3,2025-01-15,Pune,Net Banking,4
ORD1488,Customer_053,Monitor,Electronics,15661.83,2.0,10.0,28191.29,2025-07-12,Pune,UPI,3
ORD1171,Customer_181,Mixer,Home Appliances,3842.11,2.0,15.0,6531.59,2025-06-07,Nagpur,Credit Card,4
ORD1025,Customer_198,Office Chair,Furniture,7830.98,5.0,10.0,35239.41,2025-08-28,Pune,UPI,4
ORD1243,Customer_108,Office Chair,Furniture,7276.07,4.0,20.0,23283.42,2025-11-17,Pune,Net Banking,4
